step,n,cos_L6,cos_L35,pada_initial_share
0,200,0.0401,-0.4083,0
1,200,0.1567,-0.5533,0
2,200,0.1483,-0.5729,0
3,200,0.152,-0.6035,0
4,200,0.161,-0.6264,0
5,200,0.1658,-0.6016,0.08
6,200,0.1711,-0.6042,0.075
7,200,0.1733,-0.6098,0.035
8,200,0.1663,-0.5915,0.11
9,200,0.168,-0.6208,0
10,200,0.1688,-0.5865,0.04
11,200,0.1694,-0.6137,0.01
12,200,0.1712,-0.5909,0.085
13,200,0.1675,-0.5941,0.095
14,200,0.167,-0.5889,0.105
15,200,0.1685,-0.5833,0.05
16,200,0.1665,-0.5772,0.085
17,200,0.1666,-0.5895,0.035
18,200,0.168,-0.5616,0.17
19,200,0.1656,-0.5784,0.06
20,200,0.163,-0.5838,0.085
21,200,0.163,-0.5728,0.085
22,200,0.1636,-0.5737,0.055
23,196,0.1641,-0.5942,0.046
24,187,0.1682,-0.5963,0.037
25,187,0.1713,-0.57,0.032
26,179,0.1706,-0.5917,0.045
27,179,0.1752,-0.5723,0.045
28,179,0.1677,-0.5707,0.101
29,179,0.1656,-0.5846,0.078
30,178,0.1633,-0.5791,0.056
31,178,0.1628,-0.5788,0.051
32,176,0.1626,-0.5628,0.04
33,176,0.1635,-0.5698,0.068
34,176,0.1628,-0.5857,0.028
35,176,0.1647,-0.5841,0.045
36,170,0.1654,-0.5765,0.059
37,170,0.1646,-0.5582,0.094
38,166,0.1638,-0.5521,0.066
39,166,0.1622,-0.5762,0.042
40,166,0.1639,-0.5663,0.054
41,166,0.1631,-0.5545,0.054
42,164,0.1625,-0.5726,0.037
43,162,0.1615,-0.5709,0.086
44,162,0.1586,-0.5569,0.056
45,161,0.1615,-0.5653,0.043
46,161,0.1638,-0.5797,0.062
47,158,0.1627,-0.5587,0.038
48,157,0.1636,-0.5904,0.038
49,157,0.1639,-0.5811,0.045
50,155,0.1594,-0.556,0.058
51,152,0.1601,-0.548,0.026
52,152,0.1618,-0.5784,0.046
53,150,0.1631,-0.5634,0.053
54,149,0.1639,-0.5546,0.06
55,147,0.1642,-0.5643,0.041
56,144,0.1632,-0.5676,0.049
57,139,0.1643,-0.5663,0.022
58,136,0.1621,-0.5685,0.029
59,132,0.1643,-0.5682,0.03
60,124,0.159,-0.5892,0.048
61,119,0.1574,-0.5778,0.042
62,116,0.1567,-0.549,0.026
63,113,0.1609,-0.5506,0.009
64,109,0.1579,-0.569,0.055
65,103,0.1546,-0.5373,0
66,103,0.1602,-0.5513,0
67,100,0.1591,-0.5409,0.07
68,93,0.1593,-0.5552,0.022
69,86,0.1598,-0.5335,0.035
70,85,0.1506,-0.5465,0.035
71,77,0.1546,-0.5637,0.026
72,75,0.1556,-0.5275,0.027
73,73,0.1573,-0.5407,0.027
74,69,0.1601,-0.5612,0.014
75,67,0.1615,-0.5314,0.015
76,63,0.1616,-0.5501,0.032
77,60,0.1542,-0.5291,0.017
78,58,0.151,-0.5205,0.017
79,58,0.1527,-0.5342,0.034
80,54,0.1608,-0.5443,0
81,52,0.1671,-0.5467,0.019
82,50,0.1589,-0.515,0.02
83,47,0.1597,-0.5335,0
84,43,0.1533,-0.5275,0.047
85,42,0.1551,-0.5145,0
86,40,0.1452,-0.5124,0
87,39,0.1508,-0.5025,0
88,36,0.1507,-0.5388,0
89,34,0.1535,-0.5233,0
90,32,0.1587,-0.5262,0
91,30,0.1386,-0.4789,0.1
92,30,0.1454,-0.5547,0
93,30,0.1424,-0.4801,0.067
94,27,0.1483,-0.506,0.037
95,26,0.1577,-0.5371,0
96,26,0.1454,-0.5186,0
97,26,0.1573,-0.5657,0.038
98,24,0.1329,-0.4829,0.042
99,24,0.1353,-0.5215,0
100,24,0.1469,-0.517,0
101,24,0.1498,-0.5242,0.083
102,21,0.1428,-0.4933,0
103,20,0.142,-0.4965,0.05
104,18,0.1461,-0.515,0
105,17,0.1392,-0.4537,0.059
106,17,0.1392,-0.5101,0.059
107,17,0.1354,-0.4874,0.118
108,16,0.1404,-0.4778,0
109,16,0.1309,-0.4881,0
110,16,0.1475,-0.4698,0.062
111,15,0.1584,-0.5095,0
112,15,0.164,-0.5196,0.067
113,14,0.152,-0.5173,0.071
114,13,0.1501,-0.4938,0
115,13,0.1485,-0.4737,0.077
116,13,0.1479,-0.6168,0
117,13,0.1339,-0.4827,0
118,13,0.1394,-0.4426,0
119,12,0.1388,-0.495,0
120,12,0.1394,-0.5564,0
121,11,0.146,-0.4937,0.091
122,11,0.1446,-0.3985,0
123,11,0.1211,-0.4918,0
124,11,0.1292,-0.5133,0
125,11,0.1369,-0.4906,0
126,11,0.1256,-0.4577,0
127,11,0.1237,-0.4251,0.091
128,11,0.121,-0.4434,0
129,11,0.143,-0.5114,0
130,10,0.1338,-0.503,0
