slot,teacher_forced,free_running,gap
1,0.6242,0.5689,0.0553
2,0.808,0.618,0.19
3,0.5743,0.5669,0.0073
4,0.6714,0.5085,0.1628
5,0.7748,0.5592,0.2157
6,0.5859,0.527,0.0589
7,0.6604,0.4952,0.1652
8,0.716,0.5481,0.1679
9,0.7798,0.516,0.2638
10,0.8253,0.512,0.3134
11,0.7337,0.5311,0.2026
12,0.8285,0.5433,0.2852
13,0.5098,0.3691,0.1408
14,0.6387,0.446,0.1927
15,0.781,0.5309,0.2501
16,0.5952,0.4161,0.1791
17,0.5859,0.4965,0.0894
18,0.6579,0.4079,0.25
19,0.7301,0.5457,0.1844
20,0.9574,0.5714,0.386
