file	id	field	from	to
vemana.json	vemana-1006-ఆ.	prathipadartham[9].split	ఎరుంగನ್	ఎరుంగన్
vemana.json	vemana-1018-ఆ.	bhavam	অবস্থాని	అవస్థను
vemana.json	vemana-1054-ఆ.	bhavam	ఎத்தகையవాడై	ఎటువంటివాడై
vemana.json	vemana-1079-ఆ.	prathipadartham[12].meaning	విశ్వమ间的	విశ్వమునకు
vemana.json	vemana-1079-ఆ.	prathipadartham[5].meaning	అశ్ವಾರూఢుడైన	అశ్వారూఢుడైన
vemana.json	vemana-1097-ఆ.	prathipadartham[11].meaning	వేራ	వేఱా
vemana.json	vemana-1111-ఆ.	prathipadartham[8].meaning	యెೂೕ	యోగీ
vemana.json	vemana-1117-ఆ.	bhavam	విడ나డుము	విడనాడుము
vemana.json	vemana-1143-ఆ.	prathipadartham[11].meaning	Kavi	కవి
vemana.json	vemana-118-ఆ.	prathipadartham[8].split	చిదిమినನ್	చిదిమినన్
vemana.json	vemana-148-ఆ.	prathipadartham[11].meaning	ఆಲించుము	ఆలించుము
vemana.json	vemana-167-ఆ.	prathipadartham[6].split	ఆಡవలయున్	ఆడవలయున్
vemana.json	vemana-184-ఆ.	prathipadartham[12].split	వినర오	వినరో
vemana.json	vemana-186-ఆ.	prathipadartham[9].meaning	ఎங்கு	ఎక్కడ
vemana.json	vemana-193-ఆ.	prathipadartham[6].meaning	دوسروںను	ఇతరులను
vemana.json	vemana-194-ఆ.	bhavam	అంతேயகாక	అంతేకాక
vemana.json	vemana-196-ఆ.	bhavam	ఆcredit	ఆ ఘనత
vemana.json	vemana-196-ఆ.	prathipadartham[7].meaning	తன்னைത്താനು	తన్నుతాను
vemana.json	vemana-205-ఆ.	prathipadartham[8].meaning	క在 (లేరు)	లేరు
vemana.json	vemana-214-ఆ.	bhavam	అత్య更好的	అత్యంత
vemana.json	vemana-216-ఆ.	prathipadartham[12].meaning	నామকములైన	నామకములైన
vemana.json	vemana-223-ఆ.	bhavam	একা (ఒంటరిగా)	ఒంటరిగా
vemana.json	vemana-231-ఆ.	bhavam	পূর্বে	పూర్వము
vemana.json	vemana-236-ఆ.	prathipadartham[11].meaning	దాบినవాడా	దాటినవాడా
vemana.json	vemana-238-ఆ.	prathipadartham[1].split	ఆనందగాముಁడు	ఆనందగాముఁడు
vemana.json	vemana-250-ఆ.	prathipadartham[5].split	ഔషధముగన్	ఔషధముగన్
vemana.json	vemana-253-ఆ.	prathipadartham[9].meaning	, అங்கும் ఇங்கும்	
vemana.json	vemana-259-ఆ.	prathipadartham[11].meaning	dభారామ	అభిరామ
vemana.json	vemana-281-ఆ.	prathipadartham[9].meaning	దాטިయున్నవాడా	దాటియున్నవాడా
vemana.json	vemana-31-ఆ.	prathipadartham[9].meaning	పిശുనాసరి	పిసినారి
vemana.json	vemana-325-ఆ.	bhavam	ఎப்போது	ఎప్పుడు
vemana.json	vemana-335-ఆ.	prathipadartham[12].meaning	విశ్వమ间的	విశ్వమునకు
vemana.json	vemana-376-ఆ.	prathipadartham[8].meaning	జన్మించದ	జన్మించని
vemana.json	vemana-381-ఆ.	prathipadartham[8].meaning	తక్కువవారாக	తక్కువవారిగా
vemana.json	vemana-445-ఆ.	prathipadartham[0].component_meanings[సంపూర్ణార్థం]	 / To births and deaths	
vemana.json	vemana-446-ఆ.	prathipadartham[10].meaning	అභిరామ	అభిరామ
vemana.json	vemana-494-ఆ.	bhavam	அதனை	దానిని
vemana.json	vemana-559-ఆ.	bhavam	క 아니 కదా	కాదు కదా
vemana.json	vemana-584-ఆ.	prathipadartham[12].meaning	ఆಲించుము	ఆలించుము
vemana.json	vemana-587-ఆ.	prathipadartham[7].split	అතිరహస్యము	అతిరహస్యము
vemana.json	vemana-593-ఆ.	bhavam	పుట్టుకొస్తాయோ	పుట్టుకొస్తాయో
vemana.json	vemana-599-ఆ.	bhavam	ఎ红నిదా	ఎర్రనిదా
vemana.json	vemana-599-ఆ.	prathipadartham[7].meaning	ఎ红నిదా	ఎర్రనిదా
vemana.json	vemana-599-ఆ.	prathipadartham[9].meaning	చెప్పుونడి	చెప్పండి
vemana.json	vemana-615-ఆ.	prathipadartham[6].meaning	 లేదా విశ్వమనే అභిరాముని నొე్లవాడా!	
vemana.json	vemana-616-ఆ.	prathipadartham[9].meaning	దాบినవాడా	దాటినవాడా
vemana.json	vemana-625-ఆ.	prathipadartham[3].meaning	उपको पति	ఉపపతి
vemana.json	vemana-638-ఆ.	prathipadartham[6].split	 (భవ్యులు + కా } + \u0c07\u0c30\u0c3f)	
vemana.json	vemana-667-ఆ.	prathipadartham[12].meaning	అභిరామ	అభిరామ
vemana.json	vemana-689-ఆ.	prathipadartham[2].meaning	మఱيయు	మఱియు
vemana.json	vemana-69-ఆ.	prathipadartham[10].meaning	విశ్వమ间的	విశ్వమునకు
vemana.json	vemana-690-ఆ.	prathipadartham[10].meaning	సర్వ和	సర్వదాతా
vemana.json	vemana-760-ఆ.	prathipadartham[2].meaning	బుద్ధியை	బుద్ధిని
vemana.json	vemana-797-ఆ.	bhavam	ఎவன்డైతే	ఎవడైతే
vemana.json	vemana-811-ఆ.	bhavam	గాలியே	గాలియే
vemana.json	vemana-83-ఆ.	prathipadartham[11].meaning	(మొิต్మ 	(
vemana.json	vemana-860-ఆ.	bhavam	మ在వు오 లేదు.	మండవు.
vemana.json	vemana-898-ఆ.	bhavam	సాధಿಸಿ	సాధించి
vemana.json	vemana-92-ఆ.	bhavam	ఎ அறிந்துకోవాలి	తెలుసుకోవాలి
vemana.json	vemana-927-ఆ.	prathipadartham[10].meaning	<bos>	 
vemana.json	vemana-967-ఆ.	bhavam	ఎவன்లైతే	ఎవడైతే
kuchimanchi_timmakavi.json	kuchimanchi-103	bhavam	పక్షಿಯನ್ನು	పక్షిని
kuchimanchi_timmakavi.json	kuchimanchi-103	prathipadartham[36].component_meanings[కుముదహిత]	 [The Moon]	
kuchimanchi_timmakavi.json	kuchimanchi-1083	prathipadartham[4].meaning	ఇـచ్చి	ఇచ్చి
kuchimanchi_timmakavi.json	kuchimanchi-111	prathipadartham[29].component_meanings[కుముదహిత]	 [The Moon]	
kuchimanchi_timmakavi.json	kuchimanchi-112	prathipadartham[12].meaning	మద్దెआपను	మద్దెలను
kuchimanchi_timmakavi.json	kuchimanchi-1136	prathipadartham[12].word	పం핀నన్	పంపినన్
kuchimanchi_timmakavi.json	kuchimanchi-1145	prathipadartham[2].word	ఆనతియிட	ఆనతియిడ
kuchimanchi_timmakavi.json	kuchimanchi-119	prathipadartham[38].component_meanings[కుముదహిత]	 [The Moon]	
kuchimanchi_timmakavi.json	kuchimanchi-1204	prathipadartham[17].meaning	హెచ్చாக	హెచ్చగా
kuchimanchi_timmakavi.json	kuchimanchi-121	prathipadartham[42].component_meanings[కుముదహిత]	 [The Moon]	
kuchimanchi_timmakavi.json	kuchimanchi-1221	prathipadartham[6].meaning	యోధు能够在యొక్క	యోధులయొక్క
kuchimanchi_timmakavi.json	kuchimanchi-1230	prathipadartham[2].split	ఉక్కివుಁడు	ఉక్కివుఁడు
kuchimanchi_timmakavi.json	kuchimanchi-1232	prathipadartham[2].split	కంపనుಁడు	కంపనుఁడు
kuchimanchi_timmakavi.json	kuchimanchi-1235	prathipadartham[20].meaning	కాలਾళుల	కాలాళుల
kuchimanchi_timmakavi.json	kuchimanchi-126	prathipadartham[9].split	ఇتے	ఇతే
kuchimanchi_timmakavi.json	kuchimanchi-128	prathipadartham[37].component_meanings[కుముదహిత]	 [The Moon]	
kuchimanchi_timmakavi.json	kuchimanchi-1285	bhavam	ఎ红న	ఎఱ్ఱని
kuchimanchi_timmakavi.json	kuchimanchi-1285	prathipadartham[6].meaning	ఎ红న	ఎఱ్ఱని
kuchimanchi_timmakavi.json	kuchimanchi-1297	prathipadartham[6].meaning	మ్రోగقజేసి	మ్రోగజేసి
kuchimanchi_timmakavi.json	kuchimanchi-130	bhavam	తెమ్మనుకొ겠ని	తెమ్మనుకొని
kuchimanchi_timmakavi.json	kuchimanchi-130	prathipadartham[30].component_meanings[కుముదహిత]	 [The Moon]	
kuchimanchi_timmakavi.json	kuchimanchi-1300	bhavam	హెచ్చாக	హెచ్చగా
kuchimanchi_timmakavi.json	kuchimanchi-1328	bhavam	ఎగե్బడనివ్వకుండా	ఎగబడనివ్వకుండా
kuchimanchi_timmakavi.json	kuchimanchi-1330	prathipadartham[2].split	సదలున಼కెగయఁగ	సదలునకెగయఁగ
kuchimanchi_timmakavi.json	kuchimanchi-1335	bhavam	సహాయంVగా	సహాయంగా
kuchimanchi_timmakavi.json	kuchimanchi-1368	bhavam	హెచ్చುವట్లు	హెచ్చునట్లు
kuchimanchi_timmakavi.json	kuchimanchi-1374	prathipadartham[5].meaning	ఎ红రని (ఎఱ్ఱని)	ఎఱ్ఱని
kuchimanchi_timmakavi.json	kuchimanchi-138	prathipadartham[2].meaning	ఎ红న	ఎఱ్ఱని
kuchimanchi_timmakavi.json	kuchimanchi-1396	prathipadartham[8].meaning	ఒప్పေలాగున	ఒప్పేలాగున
kuchimanchi_timmakavi.json	kuchimanchi-140	prathipadartham[18].split	శిశువుల಼	శిశువుల
kuchimanchi_timmakavi.json	kuchimanchi-140	prathipadartham[33].component_meanings[కుముదహిత]	 [The Moon]	
kuchimanchi_timmakavi.json	kuchimanchi-1404	prathipadartham[18].meaning	నశيంపజేసెను	నశింపజేసెను
kuchimanchi_timmakavi.json	kuchimanchi-143	prathipadartham[28].component_meanings[కుముదహిత]	 [The Moon]	
kuchimanchi_timmakavi.json	kuchimanchi-1440	prathipadartham[9].meaning	తలგురులు	తలకురులు
kuchimanchi_timmakavi.json	kuchimanchi-1447	bhavam	మِیరేమి	మీరేమి
kuchimanchi_timmakavi.json	kuchimanchi-1450	prathipadartham[1].split	 (గెల్చుట + ఇ<bos>6 + కన్)	
kuchimanchi_timmakavi.json	kuchimanchi-1463	prathipadartham[13].split	జోಳಿಗೆ	జోలె
kuchimanchi_timmakavi.json	kuchimanchi-1464	prathipadartham[12].meaning	దారியை	దారిని
kuchimanchi_timmakavi.json	kuchimanchi-1498	bhavam	హెచ్చCగా	హెచ్చగా
kuchimanchi_timmakavi.json	kuchimanchi-151	bhavam	బాటసారிகளை	బాటసారులను
kuchimanchi_timmakavi.json	kuchimanchi-151	prathipadartham[23].meaning	బాటసారிகளை	బాటసారులను
kuchimanchi_timmakavi.json	kuchimanchi-1519	prathipadartham[6].word	జగముతಾಯಿ	జగముతాయిఁ
kuchimanchi_timmakavi.json	kuchimanchi-1555	prathipadartham[11].word	విరివారಿದము	విరివారిదము
kuchimanchi_timmakavi.json	kuchimanchi-1575	prathipadartham[9].split	ద్విరుక్తటకారাদেশ	ద్విరుక్తటకారాదేశ
kuchimanchi_timmakavi.json	kuchimanchi-1610	bhavam	ముลు లోకములు	ముల్లోకములు
kuchimanchi_timmakavi.json	kuchimanchi-1617	bhavam	ఇـచ్చి	ఇచ్చి
kuchimanchi_timmakavi.json	kuchimanchi-164	prathipadartham[21].meaning	ಜೊತೆಗೂಡಿ	తోడుగా
kuchimanchi_timmakavi.json	kuchimanchi-1650	bhavam	పక్షியும்	పక్షియును
kuchimanchi_timmakavi.json	kuchimanchi-168	prathipadartham[0].split	అంభోధiki	అంభోధికి
kuchimanchi_timmakavi.json	kuchimanchi-171	prathipadartham[34].meaning	కలువలకింపైയిన	కలువలకింపైన
kuchimanchi_timmakavi.json	kuchimanchi-171	prathipadartham[3].meaning	కామక్రోధలోభమోಹమదమాత్సర్యాలనెడు	కామక్రోధలోభమోహమదమాత్సర్యాలనెడు
kuchimanchi_timmakavi.json	kuchimanchi-182	prathipadartham[30].component_meanings[కుముదహిత]	 [The Moon]	
kuchimanchi_timmakavi.json	kuchimanchi-183	prathipadartham[2].meaning	शोभిల్లునా	శోభిల్లునా
kuchimanchi_timmakavi.json	kuchimanchi-189	prathipadartham[10].meaning	 / ఎށలను	
kuchimanchi_timmakavi.json	kuchimanchi-19	prathipadartham[2].meaning	અત్యాంతము	అత్యంతము
kuchimanchi_timmakavi.json	kuchimanchi-207	prathipadartham[12].meaning	రాక్షస్రేಷ್ಠులను	రాక్షసశ్రేష్ఠులను
kuchimanchi_timmakavi.json	kuchimanchi-207	prathipadartham[17].meaning	గె diferentes (గెలిచినవాడా)	గెలిచినవాడా
kuchimanchi_timmakavi.json	kuchimanchi-218	bhavam	మహాత్ሙడా	మహాత్ముడా
kuchimanchi_timmakavi.json	kuchimanchi-223	bhavam	व्याकुलడై	వ్యాకులుడై
kuchimanchi_timmakavi.json	kuchimanchi-225	bhavam	శాశ్వతైశ్వర్యసம்பన్నా	శాశ్వతైశ్వర్యసంపన్నా
kuchimanchi_timmakavi.json	kuchimanchi-227	prathipadartham[4].meaning	পূর্বে (మొదట/పూర్వము)	మొదట/పూర్వము
kuchimanchi_timmakavi.json	kuchimanchi-234	bhavam	ఉంచుకోవాлి	ఉంచుకోవాలి
kuchimanchi_timmakavi.json	kuchimanchi-244	prathipadartham[14].split	అঔ + (ఔ)	ఔ
kuchimanchi_timmakavi.json	kuchimanchi-244	prathipadartham[14].word	అঔ	ఔ
kuchimanchi_timmakavi.json	kuchimanchi-250	prathipadartham[10].component_meanings[గురుతర]	Exceedingly great / Profound / Immense	మిక్కిలి గొప్ప
kuchimanchi_timmakavi.json	kuchimanchi-250	prathipadartham[10].component_meanings[తోడన్]	With / Along with	తో / తోడుగా
kuchimanchi_timmakavi.json	kuchimanchi-250	prathipadartham[10].component_meanings[భక్తి]	Devotion / Reverence	భక్తి / పూజ్యభావము
kuchimanchi_timmakavi.json	kuchimanchi-254	bhavam	సూర్యపుత్రಿಯైన	సూర్యపుత్రియైన
kuchimanchi_timmakavi.json	kuchimanchi-272	bhavam	కోరువారಿಗೆ	కోరువారికి
kuchimanchi_timmakavi.json	kuchimanchi-283	bhavam	కోరుk రావడానికి రాలేదు	కోరుకొని రాలేదు
kuchimanchi_timmakavi.json	kuchimanchi-296	prathipadartham[0].component_meanings[నేలతాలుపు]	 - Mountain or King	
kuchimanchi_timmakavi.json	kuchimanchi-316	prathipadartham[5].meaning	পূর্বে (పూర్వము)	పూర్వము
kuchimanchi_timmakavi.json	kuchimanchi-317	bhavam	ధరించాయா	ధరించాయా
kuchimanchi_timmakavi.json	kuchimanchi-343	prathipadartham[45].component_meanings[సమగ్రార్థం]	 - To all the living beings	
kuchimanchi_timmakavi.json	kuchimanchi-354	prathipadartham[9].meaning	అ是ము	మేము
kuchimanchi_timmakavi.json	kuchimanchi-401	bhavam	హెచ్చිනదై	హెచ్చినదై
kuchimanchi_timmakavi.json	kuchimanchi-440	bhavam	మహասముద్రమును	మహాసముద్రమును
kuchimanchi_timmakavi.json	kuchimanchi-448	prathipadartham[5].split	మొக்கవఱచి	మొక్కవఱచి
kuchimanchi_timmakavi.json	kuchimanchi-455	prathipadartham[31].meaning	విतानముల	వితానముల
kuchimanchi_timmakavi.json	kuchimanchi-46	prathipadartham[3].meaning	ఎစ်డు	ఎనిమిది
kuchimanchi_timmakavi.json	kuchimanchi-472	bhavam	వాటిల్లದಂತೆ	వాటిల్లకుండా
kuchimanchi_timmakavi.json	kuchimanchi-472	prathipadartham[17].meaning	ఇటوكి	ఇక్కడికి
kuchimanchi_timmakavi.json	kuchimanchi-485	prathipadartham[6].meaning	100 x 6	100 × 6
kuchimanchi_timmakavi.json	kuchimanchi-490	prathipadartham[12].meaning	ఇరుವತ್ತెೂండు	ఇరువదియొక్క
kuchimanchi_timmakavi.json	kuchimanchi-490	prathipadartham[15].split	 / నరిక違ినాఁడను	
kuchimanchi_timmakavi.json	kuchimanchi-496	prathipadartham[5].meaning	खोసించుకొంటిని అని / खोరుకొంటిని అని	తెంపితిని అని
kuchimanchi_timmakavi.json	kuchimanchi-5	bhavam	విసறబడుచున్న	విసరబడుచున్న
kuchimanchi_timmakavi.json	kuchimanchi-5	prathipadartham[6].meaning	విసறబడిన	విసరబడిన
kuchimanchi_timmakavi.json	kuchimanchi-510	prathipadartham[33].meaning	విतानములును	వితానములును
kuchimanchi_timmakavi.json	kuchimanchi-525	bhavam	గంగయెན་ది	గంగ యెట్టిదనగా
kuchimanchi_timmakavi.json	kuchimanchi-550	prathipadartham[8].meaning	మంత్రியும்	మంత్రియును
kuchimanchi_timmakavi.json	kuchimanchi-558	prathipadartham[6].meaning	পূর্বে	పూర్వము
kuchimanchi_timmakavi.json	kuchimanchi-573	prathipadartham[11].split	ఆടకుండిరి	ఆడకుండిరి
kuchimanchi_timmakavi.json	kuchimanchi-630	prathipadartham[34].word	కானలోనఁజొచ్చి	కానలోనఁజొచ్చి
kuchimanchi_timmakavi.json	kuchimanchi-653	bhavam	వెுంట్రుకల	వెంట్రుకల
kuchimanchi_timmakavi.json	kuchimanchi-699	bhavam	హెచ్చзంగా	హెచ్చుగా
kuchimanchi_timmakavi.json	kuchimanchi-711	prathipadartham[17].split	చಕ್ರరలయందు	చక్కరలయందు
kuchimanchi_timmakavi.json	kuchimanchi-711	prathipadartham[25].meaning	bushes లో / పొదలలో	పొదలలో
kuchimanchi_timmakavi.json	kuchimanchi-711	prathipadartham[31].split	ఆടన్	ఆడన్
kuchimanchi_timmakavi.json	kuchimanchi-712	prathipadartham[43].meaning	మెွట్టలారా	మెట్టలారా
kuchimanchi_timmakavi.json	kuchimanchi-714	prathipadartham[7].meaning	మొกలారా	మోకలారా
kuchimanchi_timmakavi.json	kuchimanchi-72	prathipadartham[23].split	औద్ధత్యము	ఔద్ధత్యము
kuchimanchi_timmakavi.json	kuchimanchi-72	prathipadartham[23].word	औద్ధత్యము	ఔద్ధత్యము
kuchimanchi_timmakavi.json	kuchimanchi-737	prathipadartham[6].meaning	అల్పబుద్ధியై	అల్పబుద్ధియై
kuchimanchi_timmakavi.json	kuchimanchi-740	prathipadartham[8].component_meanings[సంపూర్ణార్థం]	 - King of snakes / Adishesha	
kuchimanchi_timmakavi.json	kuchimanchi-767	prathipadartham[5].meaning	పంపిական	పంపిన
kuchimanchi_timmakavi.json	kuchimanchi-772	bhavam	ఇ现在 (ఇప్పుడు)	ఇప్పుడు
kuchimanchi_timmakavi.json	kuchimanchi-779	prathipadartham[0].meaning	 / ఆ<bos>3	
kuchimanchi_timmakavi.json	kuchimanchi-81	prathipadartham[7].meaning	పాపాత్ሙని	పాపాత్ముని
kuchimanchi_timmakavi.json	kuchimanchi-852	prathipadartham[16].meaning	లాగಿಕೊಂಡು	లాక్కొని
kuchimanchi_timmakavi.json	kuchimanchi-872	bhavam	তూణ్ణువుగా	క్షుణ్ణంగా
kuchimanchi_timmakavi.json	kuchimanchi-895	prathipadartham[13].meaning	उच्चరించుచుండగా	ఉచ్చరించుచుండగా
kuchimanchi_timmakavi.json	kuchimanchi-900	prathipadartham[5].meaning	विशालाक्षी	విశాలాక్షీ
kuchimanchi_timmakavi.json	kuchimanchi-907	bhavam	మా سره (మాతో)	మాతో
kuchimanchi_timmakavi.json	kuchimanchi-917	bhavam	నశించిపోతాయೋ	నశించిపోతాయో
kuchimanchi_timmakavi.json	kuchimanchi-932	prathipadartham[2].split	শব্দের	శబ్దము
kuchimanchi_timmakavi.json	kuchimanchi-933	bhavam	ఇவుమని	ఇమ్మని
kuchimanchi_timmakavi.json	kuchimanchi-942	bhavam	ఇט్ట్రి	ఇచ్చి
kuchimanchi_timmakavi.json	kuchimanchi-95	prathipadartham[1].component_meanings[సమగ్రార్థం]	 - To the person named Bapana Allubhotlayya	
kuchimanchi_timmakavi.json	kuchimanchi-974	prathipadartham[16].split	విధ్యా<bos>2వ	విధ్యర్థక + మధ్యమ
kuchimanchi_timmakavi.json	kuchimanchi-975	bhavam	ఒక్కటாகி ఏకమై	ఒక్కటై
kuchimanchi_timmakavi.json	kuchimanchi-994	prathipadartham[3].meaning	పం在	పంక్తి
chandassu.json	chandassu-aandhranaayaka-10-సీ.	prathipadartham[4].split	అర్પણంబులచేత	అర్పణంబులచేత
chandassu.json	chandassu-aandhranaayaka-6-సీ.	bhavam	వైజయంతిమாலయు	వైజయంతిమాలయు
chandassu.json	chandassu-aandhranaayaka-75-సీ.	prathipadartham[22].meaning	ఇத்தகைய	ఇటువంటి
chandassu.json	chandassu-aandhranaayaka-98-సీ.	prathipadartham[4].meaning	כתేరము (భుజము) పైన	భుజము పైన
chandassu.json	chandassu-bhaktamandaara-101-మ.	prathipadartham[2].meaning	మంత్రಿಯయొక్క	మంత్రియొక్క
chandassu.json	chandassu-bhaktamandaara-101-మ.	prathipadartham[5].meaning	బిరు根据్సముచే	బిరుదములచే
chandassu.json	chandassu-bhaktamandaara-25-మ.	prathipadartham[5].word	క్ష্মাకన్యకోరోజసన్మార్గస్ఫాయదురఃకవాటతట	క్ష్మాకన్యకోరోజసన్మార్గస్ఫాయదురఃకవాటతట
chandassu.json	chandassu-bhaktamandaara-41-మ.	bhavam	గాలியே	గాలియే
chandassu.json	chandassu-bhaktamandaara-41-మ.	prathipadartham[5].meaning	గాలியே	గాలియే
chandassu.json	chandassu-bhaktamandaara-81-మ.	prathipadartham[8].meaning	కూరుத்து	కూరి
chandassu.json	chandassu-bhaskara-11-ఉ.	bhavam	ఉపకారC	ఉపకార
chandassu.json	chandassu-bhaskara-53-ఉ.	bhavam	ఎদিকనుంచో	ఎక్కడినుంచో
chandassu.json	chandassu-bhaskara-6-చ.	prathipadartham[16].meaning	ძూలమును	మూలమును
chandassu.json	chandassu-bhaskara-61-ఉ.	bhavam	ఎంతటి高స్థానంలో	ఎంతటి ఉన్నత స్థానంలో
chandassu.json	chandassu-bhaskara-76-చ.	prathipadartham[10].word	విజయబలాఢ్యుಁడు	విజయబలాఢ్యుఁడు
chandassu.json	chandassu-bhaskara-82-ఉ.	prathipadartham[6].component_meanings[భావం]	 - waiting eagerly/continuously	
chandassu.json	chandassu-bhaskara-91-ఉ.	prathipadartham[14].meaning	அதன் மூலம் ઉત્પన్నమవుతుందా	దాని వలన ఉత్పన్నమవుతుందా
chandassu.json	chandassu-bhaskara-98-చ.	bhavam	అంటKittinaచో	అంటుకొనినచో
chandassu.json	chandassu-daasarathi-17-చ.	bhavam	మీరည်వారూ	మీరెవ్వరూ
chandassu.json	chandassu-daasarathi-21-ఉ.	prathipadartham[14].split	సంబోధనా<bos>1వ	సంబోధన + ప్రథమా
chandassu.json	chandassu-daasarathi-22-చ.	prathipadartham[16].meaning	కుది지తివి	కుదిర్చితివి
chandassu.json	chandassu-daasarathi-27-ఉ.	prathipadartham[13].split	పరంధಾಮ	పరంధామ
chandassu.json	chandassu-daasarathi-32-చ.	prathipadartham[0].split	హలిन्	హలిన్
chandassu.json	chandassu-daasarathi-41-ఉ.	bhavam	కోటியை్	కోటిని
chandassu.json	chandassu-daasarathi-52-ఉ.	bhavam	దొరికಿತು	దొరికెను
chandassu.json	chandassu-daasarathi-55-ఉ.	prathipadartham[9].meaning	Draupadi (ద్రౌపది)	ద్రౌపది
chandassu.json	chandassu-daasarathi-91-ఉ.	prathipadartham[0].meaning	 / ఎ ते कहां के	 / ఎక్కడివో
chandassu.json	chandassu-devakinandana-12-మ.	bhavam	మ在కరుడు	మరొకడు
chandassu.json	chandassu-devakinandana-20-మ.	prathipadartham[1].meaning	परिహాసముననైనను	పరిహాసముననైనను
chandassu.json	chandassu-devakinandana-30-శా.	bhavam	সহজে	సులభంగా
chandassu.json	chandassu-devakinandana-35-మ.	prathipadartham[5].meaning	পূর্বে	పూర్వము
chandassu.json	chandassu-devakinandana-4-శా.	prathipadartham[3].meaning	ఎ红న	ఎఱ్ఱని
chandassu.json	chandassu-devakinandana-59-మ.	prathipadartham[8].meaning	ఇ<bos>7	ఇచ్చి
chandassu.json	chandassu-devakinandana-71-శా.	prathipadartham[9].meaning	ఇத்தகைய	ఇన్ని
chandassu.json	chandassu-devakinandana-8-మ.	bhavam	ఎപ്പോഴും	ఎల్లప్పుడూ
chandassu.json	chandassu-devakinandana-87-మ.	prathipadartham[7].split	ఏకవచనా<bos>2	ఏకవచన
chandassu.json	chandassu-devakinandana-90-శా.	bhavam	ఇத்தகைய	ఇటువంటి
chandassu.json	chandassu-devakinandana-96-మ.	prathipadartham[2].meaning	Kriya	క్రియ
chandassu.json	chandassu-krishna-23-క.	bhavam	ప这一లపు	పట్టపు
chandassu.json	chandassu-krishna-25-క.	bhavam	పద్మాక్షಿಯైన	పద్మాక్షియైన
chandassu.json	chandassu-kumaara-23-క.	prathipadartham[2].split	జకారಾದేశం	జకారాదేశం
chandassu.json	chandassu-kumaara-3-క.	prathipadartham[4].meaning	హెచ్చLగా	హెచ్చగా
chandassu.json	chandassu-kumaara-54-క.	prathipadartham[3].meaning	గోష్ఠியே	గోష్ఠియే
chandassu.json	chandassu-kumaara-54-క.	prathipadartham[7].meaning	గోష్ఠியே	గోష్ఠియే
chandassu.json	chandassu-kumaara-54-క.	prathipadartham[9].meaning	గోష్ఠியே	గోష్ఠియే
chandassu.json	chandassu-kumaara-7-క.	prathipadartham[6].meaning	నిన్ను కன்றట్టి	నీకంటె
chandassu.json	chandassu-kumaara-83-క.	bhavam	గ్రహಿಸು	గ్రహించు
chandassu.json	chandassu-kumaara-84-క.	prathipadartham[5].meaning	পূর্বে (గతంలో)	గతంలో
chandassu.json	chandassu-kumaara-96-క.	prathipadartham[1].split	সর্বనామ	సర్వనామ
chandassu.json	chandassu-kumaarii-28-క.	bhavam	ඇතිవడిన	ఏర్పడిన
chandassu.json	chandassu-kumaarii-40-క.	prathipadartham[2].split	అ および అక్కడ + ది	అక్కడ + ది
chandassu.json	chandassu-kumaarii-47-క.	prathipadartham[3].meaning	మిပ်మిక్కిలి	మిక్కిలి
chandassu.json	chandassu-kumaarii-50-క.	prathipadartham[1].meaning	మొරటుతనములును	మొరటుతనములును
chandassu.json	chandassu-kumaarii-60-క.	prathipadartham[1].component_meanings[సమగ్రార్థం]	 - In order to satisfy oneself	
chandassu.json	chandassu-kumaarii-64-క.	bhavam	ఆసాธ్వి	ఆ సాధ్వి
chandassu.json	chandassu-kumaarii-71-క.	prathipadartham[10].meaning	ఇայకుండా	ఇయ్యకుండా
chandassu.json	chandassu-laavanya-11-సీ.	prathipadartham[21].meaning	ఎ红అయిన	ఎఱ్ఱనైన
chandassu.json	chandassu-laavanya-14-సీ.	prathipadartham[27].meaning	ఒட்டியాణము	ఒడ్డాణము
chandassu.json	chandassu-laavanya-15-సీ.	bhavam	లేვండి	లేవండి
chandassu.json	chandassu-laavanya-24-సీ.	prathipadartham[21].meaning	తలబಿಲ್ಲు	తలబిల్లు
chandassu.json	chandassu-laavanya-28-సీ.	prathipadartham[17].meaning	పిןనయిన	పీనమైన
chandassu.json	chandassu-laavanya-33-సీ.	prathipadartham[20].meaning	గూಟములు	గూటములు
chandassu.json	chandassu-laavanya-37-సీ.	bhavam	తాಜಿಯಾದ	తాజా
chandassu.json	chandassu-laavanya-37-సీ.	prathipadartham[5].meaning	తాಜಿಯಾದ	తాజా
chandassu.json	chandassu-laavanya-38-సీ.	prathipadartham[26].split	మானா	మాన
chandassu.json	chandassu-laavanya-55-సీ.	prathipadartham[20].meaning	ఒక్కొ时间和	ఒకవేళ
chandassu.json	chandassu-laavanya-65-సీ.	bhavam	పద్మాక్షಿಯగు	పద్మాక్షియగు
chandassu.json	chandassu-laavanya-73-సీ.	bhavam	ఎ红నని	ఎఱ్ఱని
chandassu.json	chandassu-laavanya-73-సీ.	bhavam	క్రొန်းతామరల	క్రొత్తతామరల
chandassu.json	chandassu-laavanya-73-సీ.	prathipadartham[6].meaning	ఎ红ననైన	ఎఱ్ఱనైన
chandassu.json	chandassu-laavanya-78-సీ.	bhavam	వొדיయైన	ఒడ్డైన
chandassu.json	chandassu-laavanya-81-సీ.	prathipadartham[9].meaning	ఎ红దటి	ఎఱ్ఱని
chandassu.json	chandassu-laavanya-86-సీ.	bhavam	వర్ణಿಸను	వర్ణించను
chandassu.json	chandassu-laavanya-86-సీ.	prathipadartham[19].meaning	చురుக்கெమనిపించేలా	చురుక్కుమనిపించేలా
chandassu.json	chandassu-laavanya-93-సీ.	bhavam	పూలమాలì	పూలమాలను
chandassu.json	chandassu-maaruthi-101-మ.	bhavam	અત్యానందపడి	అత్యానందపడి
chandassu.json	chandassu-maaruthi-101-మ.	prathipadartham[11].meaning	ఒప్పارుచున్న	ఒప్పారుచున్న
chandassu.json	chandassu-maaruthi-101-మ.	prathipadartham[2].split	ఒప్పارుచున్న	ఒప్పారుచున్న
chandassu.json	chandassu-maaruthi-2-మ.	prathipadartham[10].meaning	ఎ红నైన (ఎఱ్ఱనైన)	ఎఱ్ఱనైన
chandassu.json	chandassu-maaruthi-32-శా.	bhavam	অবश्यము	అవశ్యము
chandassu.json	chandassu-maaruthi-38-మ.	prathipadartham[17].split	সদృశన్‌	సదృశన్‌
chandassu.json	chandassu-maaruthi-47-మ.	bhavam	మదిరాక్షులతிலకామణియైన	మదిరాక్షులతిలకామణియైన
chandassu.json	chandassu-maaruthi-48-మ.	bhavam	సీతామతಿಗೆ	సీతామతికి
chandassu.json	chandassu-maaruthi-48-మ.	prathipadartham[22].meaning	putri	పుత్రి
chandassu.json	chandassu-maaruthi-63-మ.	prathipadartham[8].meaning	అண்ணెమునందున్న	అంగిలియందున్న
chandassu.json	chandassu-maaruthi-65-మ.	prathipadartham[16].meaning	చెడ్డD दशाను	చెడ్డ దశను
chandassu.json	chandassu-maaruthi-96-మ.	prathipadartham[4].split	औषधగిరిన్‌	ఔషధగిరిన్‌
chandassu.json	chandassu-maathru-1-ఉ.	bhavam	తల్లியை	తల్లిని
chandassu.json	chandassu-maathru-100-ఉ.	bhavam	తల్లியை	తల్లిని
chandassu.json	chandassu-maathru-13-చ.	prathipadartham[15].split	औषधमुల్	ఔషధముల్
chandassu.json	chandassu-maathru-30-చ.	bhavam	మీనాక్షಿಯైన	మీనాక్షియైన
chandassu.json	chandassu-maathru-36-చ.	prathipadartham[17].meaning	అద్దී	తీర్చి
chandassu.json	chandassu-maathru-47-చ.	prathipadartham[15].meaning	વારм-వారం	మాటిమాటికి
chandassu.json	chandassu-maathru-62-చ.	prathipadartham[1].word	எటువంటివాఁడ్రయినన్	ఎటువంటివాఁడయినన్
chandassu.json	chandassu-maathru-99-ఉ.	prathipadartham[18].word	మం-<br>దారము	మందారము
chandassu.json	chandassu-madanagopala-100-సీ.	bhavam	చూపியవాడా	చూపినవాడా
chandassu.json	chandassu-madanagopala-13-సీ.	prathipadartham[12].split	ఆಡర	ఆడర
chandassu.json	chandassu-madanagopala-32-సీ.	bhavam	పిןచికొన్న	పీనమైన
chandassu.json	chandassu-madanagopala-32-సీ.	prathipadartham[14].meaning	పిןచికొన్న	పీనమైన
chandassu.json	chandassu-madanagopala-34-సీ.	prathipadartham[9].meaning	ఎ红న	ఎఱ్ఱని
chandassu.json	chandassu-madanagopala-35-సీ.	bhavam	పలుమా各种	పలువిధాలుగా
chandassu.json	chandassu-madanagopala-37-సీ.	bhavam	పద్మాక్షಿಯైన	పద్మాక్షియైన
chandassu.json	chandassu-madanagopala-43-సీ.	prathipadartham[12].meaning	ఎ红రని	ఎఱ్ఱని
chandassu.json	chandassu-madanagopala-44-సీ.	prathipadartham[36].meaning	మెன்மையான	మెత్తని
chandassu.json	chandassu-madanagopala-47-సీ.	bhavam	ఎ红ని	ఎఱ్ఱని
chandassu.json	chandassu-madanagopala-47-సీ.	prathipadartham[16].meaning	ఎ红ని	ఎఱ్ఱని
chandassu.json	chandassu-madanagopala-49-సీ.	bhavam	ఒளకోటముగా	ఒళకోటముగా
chandassu.json	chandassu-madanagopala-54-సీ.	bhavam	మణியின்	మణియొక్క
chandassu.json	chandassu-madanagopala-57-సీ.	prathipadartham[0].meaning	ఎ红న	ఎఱ్ఱని
chandassu.json	chandassu-madanagopala-60-సీ.	prathipadartham[32].split	ఇي	ఈ
chandassu.json	chandassu-madanagopala-61-సీ.	prathipadartham[5].component_meanings[మదనజనక]	 / Vishnu	
chandassu.json	chandassu-madanagopala-61-సీ.	prathipadartham[5].component_meanings[మదనజనకపణతుక]	 / Goddess Lakshmi	
chandassu.json	chandassu-madanagopala-72-సీ.	bhavam	காணక	కానక
chandassu.json	chandassu-madanagopala-72-సీ.	prathipadartham[5].meaning	ఒي్పలునట్లుగా	ఒప్పునట్లుగా
chandassu.json	chandassu-madanagopala-77-సీ.	bhavam	ఎ红న	ఎఱ్ఱని
chandassu.json	chandassu-madanagopala-77-సీ.	prathipadartham[12].meaning	ఎ红న	ఎఱ్ఱని
chandassu.json	chandassu-madanagopala-84-సీ.	prathipadartham[20].meaning	వెన్నె及టి	వెన్నెలయొక్క
chandassu.json	chandassu-naarayana-102-శా.	bhavam	సేవಿಸುತ್ತాను	సేవిస్తాను
chandassu.json	chandassu-naarayana-18-మ.	prathipadartham[10].split	కంజాต	కంజాత
chandassu.json	chandassu-naarayana-51-మ.	prathipadartham[6].meaning	 (కొಳలిని)	
chandassu.json	chandassu-naarayana-60-శా.	bhavam	ஊర్లో	ఊర్లో
chandassu.json	chandassu-naarayana-64-మ.	bhavam	ఎவன்సారైతే	ఎవరైతే
chandassu.json	chandassu-naarayana-78-మ.	prathipadartham[17].split	వాರడు	వాడు
chandassu.json	chandassu-naarayana-79-మ.	prathipadartham[0].meaning	(သို့မဟုတ်)	(లేదా)
chandassu.json	chandassu-naarayana-8-శా.	prathipadartham[12].meaning	ముוఁడు	మూడు
chandassu.json	chandassu-naarayana-98-శా.	prathipadartham[0].meaning	సقمైనది	సత్యమైనది
chandassu.json	chandassu-narasimha-1-సీ.	prathipadartham[20].meaning	ఎ红నని	ఎఱ్ఱని
chandassu.json	chandassu-narasimha-11-సీ.	bhavam	ಅಂದರೆ	అనగా
chandassu.json	chandassu-narasimha-14-సీ.	bhavam	చాలామ在ుంటారు	చాలామంది ఉంటారు
chandassu.json	chandassu-narasimha-17-సీ.	bhavam	ఎவனనైతే	ఎవడైతే
chandassu.json	chandassu-narasimha-32-సీ.	bhavam	రాజாலరు	రాజాలరు
chandassu.json	chandassu-narasimha-38-సీ.	prathipadartham[13].meaning	ఊರ್ಧ్వపుండ్రమునకు	ఊర్ధ్వపుండ్రమునకు
chandassu.json	chandassu-narasimha-50-సీ.	prathipadartham[39].meaning	கవ కనీసం	కనీసం
chandassu.json	chandassu-narasimha-60-సీ.	prathipadartham[15].meaning	వేتైనవాడను	వేఱైనవాడను
chandassu.json	chandassu-narasimha-64-సీ.	bhavam	కమలనాభа	కమలనాభా
chandassu.json	chandassu-narasimha-95-సీ.	prathipadartham[12].meaning	రక్ష하ము	రక్షణము
chandassu.json	chandassu-ontimittaraguveera-10-శా.	prathipadartham[10].meaning	అశ్ವಾರోహకుడవై	అశ్వారోహకుడవై
chandassu.json	chandassu-ontimittaraguveera-106-మ.	prathipadartham[3].split	త్వా<bos>4వ	క్త్వార్థక
chandassu.json	chandassu-ontimittaraguveera-12-శా.	bhavam	నాకுகూడా	నాకు కూడా
chandassu.json	chandassu-ontimittaraguveera-39-మ.	bhavam	సేవಿಸುತ್ತాను	సేవిస్తాను
chandassu.json	chandassu-ontimittaraguveera-40-మ.	bhavam	జననాథాগ্রణీ	జననాథాగ్రణీ
chandassu.json	chandassu-ontimittaraguveera-51-శా.	prathipadartham[0].meaning	నూరಾರು	నూరారు
chandassu.json	chandassu-ontimittaraguveera-60-మ.	prathipadartham[11].meaning	ఎ红రనైన	ఎఱ్ఱనైన
chandassu.json	chandassu-ontimittaraguveera-8-మ.	prathipadartham[6].meaning	సత్త్వరజస్తಮస్సులను	సత్త్వరజస్తమస్సులను
chandassu.json	chandassu-ontimittaraguveera-81-మ.	bhavam	ఎங்கு	ఎక్కడికి
chandassu.json	chandassu-ontimittaraguveera-81-మ.	prathipadartham[8].meaning	ఎங்கு	ఎక్కడ
chandassu.json	chandassu-ontimittaraguveera-82-మ.	bhavam	రాజీవాక్షಿಯైన	రాజీవాక్షియైన
chandassu.json	chandassu-ontimittaraguveera-89-మ.	prathipadartham[11].meaning	తినుబండారங்கள்	తినుబండారములు
chandassu.json	chandassu-ontimittaraguveera-97-మ.	prathipadartham[9].meaning	తెలపumu	తెలుపుము
chandassu.json	chandassu-sampangimanna-103-క.	prathipadartham[9].meaning	 (సంపంగిమన్న Sthala/Deity address)	
chandassu.json	chandassu-sampangimanna-22-క.	prathipadartham[0].component_meanings[పేరుకొను]	to accumulate / to congeal / to solidify	పేరుకొనుట / గడ్డకట్టుట
chandassu.json	chandassu-sampangimanna-22-క.	prathipadartham[0].component_meanings[మంత్ర]	incantation / sacred formula / charm	మంత్రము
chandassu.json	chandassu-sampangimanna-22-క.	prathipadartham[0].component_meanings[వాదము]	doctrine / practice / discourse	వాదము / సిద్ధాంతము
chandassu.json	chandassu-sampangimanna-30-క.	bhavam	అத்தகைய	అటువంటి
chandassu.json	chandassu-sampangimanna-60-క.	prathipadartham[5].meaning	వారి සමඟ	వారితో
chandassu.json	chandassu-sampangimanna-67-క.	prathipadartham[5].meaning	భూమియందుள்ளవారు	భూమియందున్నవారు
chandassu.json	chandassu-sarveswara-119-మ.	bhavam	(או ప్రణవ)	(ప్రణవ)
chandassu.json	chandassu-sarveswara-135-మ.	bhavam	karşanలో	ముందు
chandassu.json	chandassu-sarveswara-31-మ.	bhavam	మహాಲಿంగమై	మహాలింగమై
chandassu.json	chandassu-sarveswara-45-మ.	prathipadartham[19].meaning	ఇంკా	ఇంకా
chandassu.json	chandassu-sarveswara-45-మ.	prathipadartham[25].meaning	వేరొdటిని	వేరొకదానిని
chandassu.json	chandassu-sarveswara-53-మ.	prathipadartham[14].split	అరోగিণంబు	అరోగిణంబు
chandassu.json	chandassu-sarveswara-53-మ.	prathipadartham[14].word	అరోగিণంబమరంజేసిన	అరోగిణంబమరంజేసిన
chandassu.json	chandassu-sarveswara-72-మ.	prathipadartham[9].meaning	విఘ్నములாய்	విఘ్నములై
chandassu.json	chandassu-srikaalahasteeswara-100-శా.	prathipadartham[2].split	శుక్తిమతిన్யாన్యాయము	శుక్తిమతిన్యాన్యాయము
chandassu.json	chandassu-srikaalahasteeswara-4-శా.	bhavam	కలిపB	కలిపి
chandassu.json	chandassu-srikaalahasteeswara-54-మ.	bhavam	ఎவனొక	ఏ
chandassu.json	chandassu-srikaalahasteeswara-88-శా.	prathipadartham[1].meaning	సేవకులಾಗಿ	సేవకులై
chandassu.json	chandassu-sumathi-102-క.	prathipadartham[4].meaning	మంగలివా现ని	మంగలివాని
chandassu.json	chandassu-sumathi-105-క.	prathipadartham[11].word	పில்லிపట్టినన్	పిల్లిపట్టినన్
chandassu.json	chandassu-sumathi-11-క.	prathipadartham[13].meaning	अच्छిన	మంచి
chandassu.json	chandassu-sumathi-14-క.	prathipadartham[7].meaning	ఇత్తడి (పీטל)	ఇత్తడి
chandassu.json	chandassu-sumathi-17-క.	prathipadartham[4].split	బెడసު	బెడసు
chandassu.json	chandassu-sumathi-19-క.	bhavam	ఎத்தகையదంటే	ఎటువంటిదంటే
chandassu.json	chandassu-sumathi-23-క.	prathipadartham[15].meaning	अच्छी बुद्धिగలవాడా	మంచి బుద్ధిగలవాడా
chandassu.json	chandassu-sumathi-36-క.	bhavam	మేళతாள	మేళతాళ
chandassu.json	chandassu-sumathi-36-క.	prathipadartham[10].meaning	మేళతாள	మేళతాళ
chandassu.json	chandassu-sumathi-45-క.	bhavam	పಾಲవుతుంది	పాలవుతుంది
chandassu.json	chandassu-sumathi-47-క.	bhavam	ఆಡకపోవడమే	ఆడకపోవడమే
chandassu.json	chandassu-sumathi-47-క.	prathipadartham[6].meaning	ఆಡకపోవడము	ఆడకపోవడము
chandassu.json	chandassu-sumathi-62-క.	prathipadartham[12].meaning	अच्छిన	మంచి
chandassu.json	chandassu-sumathi-66-క.	prathipadartham[12].meaning	अच्छిన	మంచి
chandassu.json	chandassu-sumathi-85-క.	prathipadartham[8].meaning	ఉദ്യోగస్తులకు	ఉద్యోగస్తులకు
chandassu.json	chandassu-sumathi-87-క.	bhavam	లెక్కచేయாமல்	లెక్కచేయకుండా
chandassu.json	chandassu-sumathi-92-క.	prathipadartham[13].meaning	अच्छी बुद्धिగలవాడా	మంచి బుద్ధిగలవాడా
chandassu.json	chandassu-sumathi-94-క.	prathipadartham[3].meaning	బలశాలியగును	బలశాలియగును
chandassu.json	chandassu-sundariimani-12-చ.	prathipadartham[5].meaning	అనುವట్లుగా	అనునట్లుగా
chandassu.json	chandassu-sundariimani-17-చ.	prathipadartham[7].meaning	పిןసరైన	పీనమైన
chandassu.json	chandassu-sundariimani-53-ఉ.	prathipadartham[21].meaning	సరిపడୁనదిగా	సరిపడునదిగా
chandassu.json	chandassu-sundariimani-57-ఉ.	prathipadartham[5].meaning	ఇவ்வளவு	ఇంత
chandassu.json	chandassu-sundariimani-59-ఉ.	prathipadartham[13].meaning	పాतालలోకము	పాతాళలోకము
chandassu.json	chandassu-sundariimani-88-చ.	prathipadartham[9].meaning	వేగமாக	వేగముగా
chandassu.json	chandassu-sundariimani-89-చ.	prathipadartham[10].meaning	ಸಾತಿ	సాటి
chandassu.json	chandassu-sundariimani-89-చ.	prathipadartham[17].split	తెల్లవాఱು	తెల్లవాఱు
chandassu.json	chandassu-sundariimani-95-ఉ.	prathipadartham[4].split	ద్వिवచన	ద్వివచన
chandassu.json	chandassu-taadimallaraajagopaala-12-సీ.	bhavam	ఇ现在的కి	ఇక్కడికి
chandassu.json	chandassu-taadimallaraajagopaala-14-సీ.	prathipadartham[12].meaning	కன்று	కని
chandassu.json	chandassu-taadimallaraajagopaala-17-సీ.	prathipadartham[31].meaning	ఇവിടగకు	ఇక్కడికి
chandassu.json	chandassu-taadimallaraajagopaala-20-సీ.	prathipadartham[10].split	అவுటన్	అవుటన్
chandassu.json	chandassu-taadimallaraajagopaala-27-సీ.	bhavam	ఇ frecuentemente	ఇక్కడికి
chandassu.json	chandassu-taadimallaraajagopaala-32-సీ.	bhavam	నాకెيచ్చాడు	నాకిచ్చాడు
chandassu.json	chandassu-taadimallaraajagopaala-33-సీ.	prathipadartham[5].meaning	ఇంკా	ఇంకా
chandassu.json	chandassu-taadimallaraajagopaala-35-సీ.	prathipadartham[6].meaning	పదினாరు	పదునారు
chandassu.json	chandassu-taadimallaraajagopaala-38-సీ.	bhavam	ఇ hacia (ఇక్కడికి)	ఇక్కడికి
chandassu.json	chandassu-taadimallaraajagopaala-5-సీ.	bhavam	ఇ是将కు	ఇక్కడికి
chandassu.json	chandassu-taadimallaraajagopaala-60-సీ.	bhavam	ఇ frecuentemente ఇంటికి	ఇంటికి
chandassu.json	chandassu-taadimallaraajagopaala-64-సీ.	prathipadartham[34].meaning	ఇيచటికి	ఇచ్చటికి
chandassu.json	chandassu-venkateswara-11-చ.	bhavam	ఆಕೆಯ	ఆమె
chandassu.json	chandassu-venkateswara-15-చ.	prathipadartham[7].split	దూሩ	దూరు
chandassu.json	chandassu-venkateswara-37-ఉ.	prathipadartham[5].component_meanings[సమస్తార్థం]	 / To the fatigues of pleasures	
chandassu.json	chandassu-venkateswara-77-చ.	prathipadartham[10].split	ఉన్నతుಯడు	ఉన్నతుఁడు
chandassu.json	chandassu-venkateswara-77-చ.	prathipadartham[10].word	సర్వవైభవోన్నతుಁడు	సర్వవైభవోన్నతుఁడు
chandassu.json	chandassu-venkateswara-95-చ.	prathipadartham[9].component_meanings[మంగకున్]	 [To/For Lady Manga ]	
chandassu.json	chandassu-venugopaala-20-సీ.	prathipadartham[30].meaning	 (நெற்றிமண்)	
chandassu.json	chandassu-venugopaala-41-సీ.	prathipadartham[14].word	మోットెలఁ	మొత్తెలఁ
chandassu.json	chandassu-venugopaala-46-సీ.	prathipadartham[21].meaning	కొลังారము	ఉగ్రాణము
chandassu.json	chandassu-venugopaala-57-సీ.	prathipadartham[10].meaning	( दूसरों చేత)	(ఇతరుల చేత)
chandassu.json	chandassu-venugopaala-69-సీ.	prathipadartham[19].split	దకారাদেশ	దకారాదేశ
chandassu.json	chandassu-venugopaala-78-సీ.	prathipadartham[29].meaning	विश्वासించినయెడల	విశ్వసించినయెడల
chandassu.json	chandassu-venugopaala-79-సీ.	bhavam	మ在ెవ్వరికి	మరెవ్వరికి
chandassu.json	chandassu-venugopaala-79-సీ.	prathipadartham[7].split	ప్రశ్నా<bos>1st person	ప్రశ్నార్థక + ఉత్తమ పురుష
chandassu.json	chandassu-venugopaala-81-సీ.	bhavam	నటಿಸುತ್ತాడు	నటిస్తాడు
chandassu.json	chandassu-venugopaala-82-సీ.	prathipadartham[44].split	औषधम्	ఔషధము
chandassu.json	chandassu-venugopaala-90-సీ.	prathipadartham[1].meaning	మొ颈మునందు	మెడయందు
chandassu.json	chandassu-vrushadhipa-43-చ.	prathipadartham[2].meaning	వెنకబడువాడా	వెదకబడువాడా
chandassu.json	chandassu-vrushadhipa-48-చ.	bhavam	సిద్ధಿಯನ್ನು	సిద్ధిని
chandassu.json	chandassu-vrushadhipa-62-చ.	prathipadartham[21].meaning	గొప్పవారால்	గొప్పవారిచే
