id,metre,s_true_mean,s_model_mean
1-146-శా.,shardulavikriditamu,6.1086,1.1161
1-246-మత్త.,mattakokila,5.7595,0.9603
1-258.1-ఆ.,aataveladi,5.8856,0.8694
1-277.1-ఆ.,aataveladi,7.0067,0.8958
1-303-మత్త.,mattakokila,6.8216,0.74
1-321.1-ఆ.,aataveladi,6.5286,0.8679
1-325-ఉ.,utpalamala,5.6566,0.8856
1-338.1-ఆ.,aataveladi,5.721,0.8448
1-36.1-తే.,tetagiti,5.674,0.7516
1-399-మ.,mattebhavikriditamu,6.0097,1.0443
1-7-శా.,shardulavikriditamu,5.767,0.9687
1-99-చ.,champakamala,5.6301,0.8571
10.1-103-మత్త.,mattakokila,6.4157,0.8946
10.1-1036-మ.,mattebhavikriditamu,6.3538,1.1623
10.1-1043-ఉ.,utpalamala,6.2579,0.865
10.1-106.1-తే.,tetagiti,6.0971,1.03
10.1-1077.1-ఆ.,aataveladi,6.3526,1.123
10.1-1104-మత్త.,mattakokila,5.716,0.6931
10.1-1189-ఆ.,aataveladi,6.9882,0.79
10.1-1196-ఉ.,utpalamala,7.9857,1.197
10.1-1211-శా.,shardulavikriditamu,5.734,0.849
10.1-127-ఉ.,utpalamala,6.8571,0.9674
10.1-1297-ఉ.,utpalamala,6.7078,0.8487
10.1-1317-శా.,shardulavikriditamu,6.9016,0.9547
10.1-1410-శా.,shardulavikriditamu,6.3419,0.8827
10.1-1421-ఉ.,utpalamala,6.1375,1.0757
10.1-1441-శా.,shardulavikriditamu,6.6341,1.0434
10.1-1449-మ.,mattebhavikriditamu,5.4344,0.8069
10.1-1570-శా.,shardulavikriditamu,6.6211,1.0127
10.1-1585-శా.,shardulavikriditamu,6.0855,0.6448
10.1-1599-ఉ.,utpalamala,6.4794,0.8744
10.1-1698-ఉ.,utpalamala,5.97,1.0696
10.1-1732.1-ఆ.,aataveladi,5.5714,0.9874
10.1-1769-మత్త.,mattakokila,6.4238,0.9513
10.1-1770-మ.,mattebhavikriditamu,6.0632,0.8781
10.1-187-ఉ.,utpalamala,5.9003,0.8509
10.1-213-మత్త.,mattakokila,5.6874,1.0714
10.1-259-ఆ.,aataveladi,6.2371,0.6044
10.1-310-మత్త.,mattakokila,5.8026,0.8425
10.1-445-ఉ.,utpalamala,6.8208,1.0496
10.1-530-శా.,shardulavikriditamu,6.8299,0.9258
10.1-653.1-ఆ.,aataveladi,6.0256,0.7988
10.1-720-క.,kandamu,7.0554,0.9338
10.1-732-మ.,mattebhavikriditamu,5.8622,0.9208
10.1-739-మత్త.,mattakokila,6.4825,0.8959
10.1-777-మ.,mattebhavikriditamu,6.6689,0.9423
10.1-782-క.,kandamu,6.4557,0.9323
10.1-866-శా.,shardulavikriditamu,6.6393,1.1242
10.1-878.1-ఆ.,aataveladi,5.7532,1.0569
10.1-890-శా.,shardulavikriditamu,6.3256,0.9307
10.2-1025.1-తే.,tetagiti,6.4191,0.8374
10.2-1152-మత్త.,mattakokila,6.617,0.7562
10.2-1177.1-తే.,tetagiti,5.5885,0.7984
10.2-1188-ఉ.,utpalamala,6.155,0.9613
10.2-1197.1-తే.,tetagiti,6.69,1.1197
10.2-1258-మ.,mattebhavikriditamu,7.3345,0.8526
10.2-1316-క.,kandamu,8.1929,0.9456
10.2-1335-మ.,mattebhavikriditamu,7.4158,1.0049
10.2-136-శా.,shardulavikriditamu,7.3239,1.0144
10.2-15-మత్త.,mattakokila,6.309,0.6536
10.2-164-మ.,mattebhavikriditamu,6.6145,0.926
10.2-222-శా.,shardulavikriditamu,6.8476,1.052
10.2-263-చ.,champakamala,5.7688,0.7177
10.2-29-ఉ.,utpalamala,6.3813,0.7726
10.2-31-శా.,shardulavikriditamu,6.9208,1.0738
10.2-374-క.,kandamu,7.4642,0.8389
10.2-490-చ.,champakamala,5.9625,0.9057
10.2-503-చ.,champakamala,6.3847,0.8779
10.2-523-మ.,mattebhavikriditamu,6.9275,1.1798
10.2-552-మత్త.,mattakokila,6.2712,0.9264
10.2-58-మ.,mattebhavikriditamu,5.6772,0.8044
10.2-70-క.,kandamu,6.5809,1.0366
10.2-706-క.,kandamu,7.1578,1.0016
10.2-766.1-ఆ.,aataveladi,5.981,0.7592
10.2-776-చ.,champakamala,6.1963,0.9894
10.2-792-చ.,champakamala,6.5321,0.9743
10.2-894-చ.,champakamala,5.8265,0.9215
10.2-96.1-ఆ.,aataveladi,7.1866,0.9635
10.2-970-చ.,champakamala,5.8597,0.7253
10.2-985-ఉ.,utpalamala,6.6646,1.0333
11-16-మత్త.,mattakokila,6.3762,0.8426
11-80.1-తే.,tetagiti,6.4254,1.0099
11-90-క.,kandamu,6.2848,0.7519
12-44-క.,kandamu,5.9911,0.7184
2-125-క.,kandamu,6.0362,1.0824
2-136.1-తే.,tetagiti,6.8914,0.7241
2-164-క.,kandamu,6.1141,0.909
2-219-మ.,mattebhavikriditamu,7.8349,1.0876
2-73-మ.,mattebhavikriditamu,6.809,0.989
2-81-శా.,shardulavikriditamu,7.2874,0.8853
3-108-చ.,champakamala,6.2126,1.1132
3-119-చ.,champakamala,7.1322,0.9193
3-160-మ.,mattebhavikriditamu,7.1187,1.098
3-193-క.,kandamu,5.8799,1.0404
3-276-తే.,tetagiti,5.9484,0.8241
3-31-ఉ.,utpalamala,5.8524,0.8764
3-314-క.,kandamu,6.6166,0.5982
3-323-క.,kandamu,7.6329,0.8056
3-355.1-తే.,tetagiti,6.6983,1.0065
3-435-చ.,champakamala,6.6795,0.9294
3-437.1-తే.,tetagiti,6.8317,0.9138
3-445-చ.,champakamala,7.11,1.1365
3-538.1-తే.,tetagiti,7.0949,1.0754
3-607-మ.,mattebhavikriditamu,7.1246,0.921
3-609-మ.,mattebhavikriditamu,7.7035,0.994
3-611-చ.,champakamala,5.6313,0.8573
3-616-క.,kandamu,7.0478,0.8702
3-621-చ.,champakamala,6.6832,0.8548
3-659-ఉ.,utpalamala,6.2961,1.0278
3-665-మ.,mattebhavikriditamu,6.2966,0.8358
3-801.1-తే.,tetagiti,6.7044,0.9658
3-857-తే.,tetagiti,6.0274,0.7397
3-875-క.,kandamu,6.9157,0.7541
3-931-ఉ.,utpalamala,6.6727,0.9481
3-955-చ.,champakamala,6.3612,0.9587
3-959.1-తే.,tetagiti,6.2732,0.9417
3-975.1-తే.,tetagiti,5.8191,0.9948
3-98-చ.,champakamala,6.6444,1.2733
4-117-తే.,tetagiti,5.3256,0.9114
4-163.1-తే.,tetagiti,6.7267,1.1226
4-169-ఉ.,utpalamala,6.6368,1.1579
4-189-చ.,champakamala,6.6574,0.9473
4-217-తే.,tetagiti,5.9857,0.9193
4-273-చ.,champakamala,5.5915,0.9008
4-281-చ.,champakamala,5.7709,0.9598
4-337-చ.,champakamala,6.5674,1.1892
4-492-చ.,champakamala,6.4868,0.8402
4-505-తే.,tetagiti,5.3652,0.8768
4-646-మత్త.,mattakokila,6.5824,1.0377
4-778-ఉ.,utpalamala,5.7334,0.8897
4-782-చ.,champakamala,6.2343,0.7395
4-826-క.,kandamu,6.15,0.7842
4-835.1-తే.,tetagiti,6.7636,1.0792
4-854.1-తే.,tetagiti,5.2055,0.9949
4-924-చ.,champakamala,5.6949,0.8783
5.1-131-ఆ.,aataveladi,6.3083,0.8821
5.1-156-ఉ.,utpalamala,6.0294,1.0439
5.1-170-ఆ.,aataveladi,6.1846,0.8987
5.1-79-ఆ.,aataveladi,6.1181,0.9073
5.2-133-ఆ.,aataveladi,5.9539,0.852
5.2-167-మత్త.,mattakokila,6.951,0.8341
5.2-28.1-ఆ.,aataveladi,6.9439,0.8802
6-174-ఉ.,utpalamala,6.665,1.0931
6-236-మత్త.,mattakokila,6.5344,0.9286
6-329-మత్త.,mattakokila,7.069,0.7821
6-348-ఆ.,aataveladi,5.8878,0.803
6-375-మ.,mattebhavikriditamu,6.6084,0.9989
6-387-మ.,mattebhavikriditamu,6.9528,0.8074
6-462-తే.,tetagiti,7.6419,0.6324
6-483.1-ఆ.,aataveladi,6.0804,0.9319
6-508-ఆ.,aataveladi,6.4255,0.8529
6-6-క.,kandamu,6.8158,1.0217
6-64-క.,kandamu,6.7759,0.8941
7-122.1-తే.,tetagiti,6.1579,0.8645
7-15-క.,kandamu,5.8371,0.7776
7-191-ఉ.,utpalamala,6.3498,0.7405
7-206-శా.,shardulavikriditamu,6.0749,0.9114
7-214.1-ఆ.,aataveladi,6.398,0.8245
7-215-శా.,shardulavikriditamu,6.4809,1.0348
7-223-శా.,shardulavikriditamu,6.505,1.1006
7-225-మత్త.,mattakokila,5.5192,0.8622
7-264-క.,kandamu,6.3123,0.4918
7-282-శా.,shardulavikriditamu,5.6373,0.8647
7-338-ఉ.,utpalamala,6.3983,0.9125
7-358-మత్త.,mattakokila,6.5389,0.8509
7-39.1-ఆ.,aataveladi,5.884,0.7904
7-439-క.,kandamu,6.1045,0.7158
7-461-మ.,mattebhavikriditamu,6.574,0.8771
7-55-మ.,mattebhavikriditamu,6.3859,0.9467
7-67-ఉ.,utpalamala,6.7228,1.0167
7-81-మత్త.,mattakokila,6.3548,0.8969
7-82-శా.,shardulavikriditamu,6.634,1.2189
7-90-శా.,shardulavikriditamu,6.3451,0.8975
8-117-మ.,mattebhavikriditamu,6.6329,0.8647
8-123-మ.,mattebhavikriditamu,6.4549,0.9774
8-168-మత్త.,mattakokila,7.0441,0.8635
8-183.1-తే.,tetagiti,5.9918,0.9798
8-19-క.,kandamu,6.1371,0.8205
8-27-ఆ.,aataveladi,6.0558,0.8393
8-596-మత్త.,mattakokila,6.0054,0.822
8-622-శా.,shardulavikriditamu,5.6131,0.7888
8-67-ఉ.,utpalamala,7.0238,1.1067
8-696-మత్త.,mattakokila,5.7367,1.0536
8-725-ఉ.,utpalamala,5.7043,0.7978
8-733-మ.,mattebhavikriditamu,6.8907,1.0663
9-108-శా.,shardulavikriditamu,6.5633,0.9708
9-143-మత్త.,mattakokila,7.6729,0.8676
9-146-శా.,shardulavikriditamu,6.559,1.0441
9-208-చ.,champakamala,6.2922,0.8856
9-304-క.,kandamu,6.3892,0.888
9-306.1-ఆ.,aataveladi,5.9886,0.9525
9-319.1-ఆ.,aataveladi,5.9162,0.9488
9-351-మత్త.,mattakokila,6.4984,0.9186
9-365-తే.,tetagiti,4.9799,0.6792
9-532-మత్త.,mattakokila,6.7615,1.0554
9-560-శా.,shardulavikriditamu,7.1745,1.0406
9-595-క.,kandamu,7.7063,0.9807
9-604-క.,kandamu,5.7945,0.6799
9-704-మ.,mattebhavikriditamu,5.923,0.9387
9-732-చ.,champakamala,6.1685,0.9866
