kind,j,n,s_true,s_model,gap
poem,0,200,14.7153,1.9158,12.7995
poem,1,200,13.0088,1.1774,11.8314
poem,2,200,11.7353,0.9855,10.7499
poem,3,200,10.7004,1.0625,9.6379
poem,4,200,8.5526,0.8718,7.6808
poem,5,200,8.4312,0.7879,7.6433
poem,6,200,8.8718,0.8287,8.0431
poem,7,200,8.1761,0.7256,7.4505
poem,8,200,8.3235,0.7347,7.5888
poem,9,200,7.467,0.8538,6.6132
poem,10,200,7.138,0.9396,6.1984
poem,11,200,7.1903,0.839,6.3513
poem,12,200,6.4943,0.8132,5.681
poem,13,200,6.5427,0.8677,5.675
poem,14,200,6.4792,0.912,5.5671
poem,15,200,6.5722,0.9635,5.6087
poem,16,200,6.5049,0.8882,5.6167
poem,17,200,6.3289,0.9639,5.365
poem,18,200,6.7075,0.8374,5.8701
poem,19,200,6.6514,0.8704,5.781
poem,20,200,6.0672,0.9432,5.124
poem,21,200,6.2408,0.9563,5.2845
poem,22,200,6.2532,0.8381,5.4151
poem,23,200,6.7923,0.8754,5.9169
poem,24,200,6.8405,0.8257,6.0148
poem,25,200,6.4728,0.8785,5.5943
poem,26,200,6.6744,0.9425,5.7318
poem,27,200,6.2266,0.8701,5.3565
poem,28,200,6.3722,0.8927,5.4796
poem,29,200,6.0747,0.8824,5.1924
poem,30,200,5.7522,0.9012,4.851
poem,31,200,5.5365,0.8749,4.6616
poem,32,200,5.5458,0.8647,4.681
poem,33,200,5.8249,0.892,4.9328
poem,34,200,5.963,0.8995,5.0636
poem,35,200,5.8754,0.8731,5.0022
poem,36,200,5.393,0.8694,4.5235
poem,37,200,5.8338,0.8983,4.9355
poem,38,200,6.2104,0.9449,5.2654
poem,39,200,5.6774,0.9136,4.7638
poem,40,200,5.7359,0.882,4.8539
poem,41,200,5.477,0.9636,4.5133
poem,42,200,5.5217,0.9141,4.6076
poem,43,200,5.9167,0.9336,4.983
poem,44,200,5.8123,0.8876,4.9247
poem,45,200,5.755,0.9306,4.8244
poem,46,200,5.5766,0.8677,4.709
poem,47,200,5.5808,0.9056,4.6752
poem,48,200,5.3017,0.8788,4.4229
poem,49,200,5.8325,0.988,4.8445
poem,50,200,5.8884,0.9122,4.9762
poem,51,200,6.0066,0.9343,5.0723
poem,52,200,5.4744,0.9669,4.5075
poem,53,199,6.0668,0.9682,5.0986
poem,54,199,5.7659,0.8827,4.8832
poem,55,199,5.866,0.9502,4.9158
poem,56,198,5.9113,0.9764,4.9349
poem,57,197,5.5189,0.8856,4.6333
poem,58,195,5.5885,0.9331,4.6554
poem,59,193,5.5349,0.9365,4.5984
poem,60,188,5.5066,0.9209,4.5857
poem,61,187,5.6118,0.9858,4.626
poem,62,182,5.7447,0.9783,4.7664
poem,63,178,5.4827,0.927,4.5557
poem,64,172,5.8707,1.0069,4.8637
poem,65,172,6.0533,0.9369,5.1165
poem,66,171,5.9132,0.8854,5.0278
poem,67,166,5.1851,0.9252,4.2599
poem,68,160,6.1773,0.877,5.3003
poem,69,157,5.745,0.8603,4.8846
poem,70,156,5.976,0.8913,5.0847
poem,71,150,5.389,0.8726,4.5164
poem,72,145,5.5448,0.8717,4.6731
poem,73,143,6.4299,0.9927,5.4372
poem,74,142,5.9307,1.0346,4.8961
poem,75,138,5.3434,0.8552,4.4882
poem,76,135,5.1215,1.0181,4.1034
poem,77,134,5.5932,0.9019,4.6912
poem,78,132,5.7425,0.849,4.8935
poem,79,130,5.5203,0.9586,4.5617
poem,80,128,5.8148,1.1148,4.7
poem,81,126,5.2518,0.8401,4.4118
poem,82,125,5.6405,1.0106,4.6299
poem,83,125,5.4581,0.9761,4.482
poem,84,124,5.9264,1.1294,4.797
poem,85,122,5.8527,1.0192,4.8335
poem,86,122,5.9516,0.9534,4.9982
poem,87,121,6.2161,1.012,5.2041
poem,88,121,5.6628,0.9106,4.7522
poem,89,121,5.7562,1.0242,4.732
poem,90,118,5.1798,1.0396,4.1402
poem,91,117,5.4449,0.8375,4.6074
poem,92,115,5.7071,0.8754,4.8317
poem,93,113,5.7254,0.8961,4.8293
poem,94,110,5.6474,0.8223,4.8251
poem,95,107,6.4743,0.91,5.5643
poem,96,106,5.9804,0.9386,5.0418
poem,97,102,5.8756,0.8953,4.9802
poem,98,98,5.1873,0.8369,4.3504
poem,99,92,6.9289,0.8381,6.0908
poem,100,90,5.7457,0.997,4.7487
poem,101,84,5.8857,0.8185,5.0671
poem,102,79,5.8776,0.8145,5.0631
poem,103,71,5.9373,0.8395,5.0978
poem,104,64,5.8918,0.7674,5.1245
poem,105,57,5.6158,0.8098,4.806
poem,106,53,5.3651,0.8197,4.5454
poem,107,51,5.7273,0.9217,4.8056
poem,108,50,5.5093,0.7659,4.7434
poem,109,45,5.5573,0.8134,4.7439
poem,110,38,6.2357,0.9507,5.2851
poem,111,34,6.2527,0.8791,5.3736
poem,112,31,5.9942,1.0428,4.9514
poem,113,27,5.4423,0.9249,4.5174
poem,114,26,7.4619,0.7751,6.6868
poem,115,23,5.6774,0.8877,4.7897
poem,116,21,6.8225,0.6513,6.1711
poem,117,18,6.9134,0.909,6.0043
poem,118,17,7.1479,0.6975,6.4504
poem,119,16,6.4883,0.6758,5.8125
poem,120,14,5.383,0.6173,4.7658
poem,121,10,6.0682,0.5697,5.4984
bhavam,0,200,15.2316,1.9014,13.3302
bhavam,1,200,13.9601,1.084,12.8761
bhavam,2,200,10.164,0.7802,9.3839
bhavam,3,200,8.5573,0.6985,7.8588
bhavam,4,200,7.1496,0.6758,6.4738
bhavam,5,200,7.6939,0.6222,7.0717
bhavam,6,200,6.6495,0.6643,5.9852
bhavam,7,200,6.5648,0.6651,5.8997
bhavam,8,200,6.0138,0.4692,5.5445
bhavam,9,200,5.8334,0.5453,5.2881
bhavam,10,200,5.306,0.5402,4.7659
bhavam,11,200,5.6349,0.5188,5.1161
bhavam,12,200,5.5653,0.5152,5.0501
bhavam,13,200,5.4466,0.4979,4.9487
bhavam,14,200,5.4472,0.539,4.9081
bhavam,15,200,6.2998,0.5521,5.7477
bhavam,16,200,5.192,0.5355,4.6564
bhavam,17,200,5.6563,0.4563,5.2
bhavam,18,200,5.9838,0.4892,5.4946
bhavam,19,200,5.401,0.5042,4.8968
bhavam,20,200,4.6054,0.4274,4.1779
bhavam,21,200,5.7059,0.4912,5.2147
bhavam,22,200,5.4639,0.475,4.9888
bhavam,23,200,5.7249,0.4043,5.3206
bhavam,24,200,4.8494,0.4689,4.3804
bhavam,25,200,5.6688,0.5018,5.167
bhavam,26,200,5.6405,0.4381,5.2024
bhavam,27,200,5.188,0.3989,4.789
bhavam,28,200,5.4967,0.4693,5.0274
bhavam,29,200,4.3968,0.411,3.9858
bhavam,30,200,5.1182,0.4321,4.6861
bhavam,31,200,4.8989,0.465,4.434
bhavam,32,200,5.3027,0.4511,4.8516
bhavam,33,200,4.5774,0.4482,4.1292
bhavam,34,200,5.1311,0.499,4.6321
bhavam,35,200,4.6753,0.3806,4.2947
bhavam,36,200,5.4756,0.4093,5.0662
bhavam,37,200,5.0578,0.5036,4.5542
bhavam,38,200,5.0512,0.4318,4.6194
bhavam,39,199,5.3872,0.4034,4.9838
bhavam,40,197,5.4588,0.4752,4.9836
bhavam,41,195,5.1011,0.4488,4.6523
bhavam,42,195,5.2925,0.4416,4.8509
bhavam,43,195,5.0295,0.4636,4.5659
bhavam,44,194,4.9964,0.4724,4.524
bhavam,45,194,4.9377,0.3703,4.5674
bhavam,46,194,5.3889,0.4943,4.8946
bhavam,47,193,4.6965,0.428,4.2685
bhavam,48,193,4.9221,0.408,4.5142
bhavam,49,192,5.3544,0.4347,4.9197
bhavam,50,191,5.1206,0.5032,4.6174
bhavam,51,191,4.9676,0.4569,4.5107
bhavam,52,191,4.4313,0.4605,3.9707
bhavam,53,191,5.0402,0.4456,4.5946
bhavam,54,191,5.4476,0.409,5.0386
bhavam,55,191,4.9805,0.4473,4.5332
bhavam,56,189,5.3046,0.418,4.8866
bhavam,57,188,4.6938,0.4613,4.2326
bhavam,58,184,4.5613,0.5244,4.037
bhavam,59,183,4.1026,0.4754,3.6272
bhavam,60,181,4.747,0.4528,4.2942
bhavam,61,181,5.3717,0.4317,4.94
bhavam,62,178,5.0931,0.4635,4.6296
bhavam,63,177,4.2639,0.4652,3.7986
bhavam,64,176,4.4494,0.4138,4.0356
bhavam,65,172,4.46,0.4727,3.9873
bhavam,66,171,5.2113,0.4627,4.7485
bhavam,67,170,4.8789,0.4793,4.3996
bhavam,68,170,5.0529,0.4507,4.6023
bhavam,69,169,4.8864,0.4154,4.4709
bhavam,70,169,4.5464,0.4752,4.0712
bhavam,71,167,4.6478,0.4626,4.1852
bhavam,72,164,4.9716,0.526,4.4456
bhavam,73,164,5.6056,0.422,5.1836
bhavam,74,162,4.8183,0.4996,4.3187
bhavam,75,161,5.2531,0.4383,4.8148
bhavam,76,160,4.7796,0.4271,4.3525
bhavam,77,157,4.6836,0.4757,4.2079
bhavam,78,153,4.5587,0.4936,4.0651
bhavam,79,153,4.4108,0.4118,3.999
bhavam,80,151,4.7911,0.4343,4.3568
bhavam,81,150,5.1398,0.5051,4.6347
bhavam,82,150,4.765,0.42,4.345
bhavam,83,149,4.47,0.4427,4.0273
bhavam,84,146,4.5146,0.4498,4.0648
bhavam,85,145,4.8164,0.4841,4.3322
bhavam,86,141,5.4036,0.4457,4.9579
bhavam,87,137,5.0499,0.4264,4.6234
bhavam,88,137,4.1419,0.4092,3.7326
bhavam,89,136,4.9343,0.4428,4.4916
bhavam,90,130,4.153,0.4237,3.7293
bhavam,91,128,4.4071,0.4608,3.9462
bhavam,92,123,5.6947,0.4393,5.2554
bhavam,93,121,3.5034,0.4232,3.0802
bhavam,94,121,5.3177,0.5207,4.797
bhavam,95,121,4.329,0.4491,3.8799
bhavam,96,118,6.097,0.4274,5.6695
bhavam,97,114,4.436,0.463,3.9729
bhavam,98,112,5.2272,0.4324,4.7948
bhavam,99,109,4.2631,0.4249,3.8382
bhavam,100,105,4.1457,0.4286,3.7171
bhavam,101,104,4.9332,0.3982,4.5351
bhavam,102,101,4.607,0.4234,4.1836
bhavam,103,100,4.7862,0.4854,4.3008
bhavam,104,96,4.0086,0.5174,3.4912
bhavam,105,94,4.5685,0.4648,4.1037
bhavam,106,93,4.5595,0.5786,3.9809
bhavam,107,90,4.2977,0.4784,3.8193
bhavam,108,90,5.0195,0.3266,4.6929
bhavam,109,87,4.7743,0.4078,4.3666
bhavam,110,84,4.4636,0.3988,4.0648
bhavam,111,82,4.6771,0.4527,4.2244
bhavam,112,82,5.1844,0.4173,4.7671
bhavam,113,79,3.983,0.4159,3.5671
bhavam,114,76,3.9343,0.3894,3.545
bhavam,115,74,4.8311,0.4749,4.3561
bhavam,116,70,3.7283,0.4914,3.2369
bhavam,117,70,3.8941,0.4127,3.4814
bhavam,118,68,4.9064,0.3738,4.5325
bhavam,119,68,4.4475,0.5036,3.9439
bhavam,120,67,4.9802,0.4285,4.5516
bhavam,121,67,4.5243,0.4371,4.0872
bhavam,122,65,5.6725,0.5226,5.1499
bhavam,123,63,5.1145,0.3877,4.7268
bhavam,124,62,4.5741,0.4096,4.1645
bhavam,125,62,3.6816,0.3714,3.3102
bhavam,126,60,4.9228,0.4277,4.4951
bhavam,127,60,4.6775,0.5818,4.0957
bhavam,128,58,4.0337,0.5091,3.5246
bhavam,129,58,5.1737,0.4415,4.7323
bhavam,130,58,5.0269,0.443,4.5839
bhavam,131,58,4.8215,0.5685,4.2529
bhavam,132,58,3.5161,0.3782,3.1379
bhavam,133,58,4.7907,0.4051,4.3856
bhavam,134,55,5.1135,0.5473,4.5662
bhavam,135,55,5.133,0.3868,4.7461
bhavam,136,54,3.9969,0.4137,3.5832
bhavam,137,53,4.0961,0.4432,3.6529
bhavam,138,51,3.6732,0.4794,3.1939
bhavam,139,51,3.7187,0.4206,3.2981
bhavam,140,49,4.4388,0.5986,3.8402
bhavam,141,49,5.166,0.3559,4.8101
bhavam,142,48,4.162,0.4433,3.7187
bhavam,143,48,4.2399,0.4815,3.7585
bhavam,144,48,5.9024,0.4621,5.4403
bhavam,145,48,4.628,0.4145,4.2136
bhavam,146,48,4.5038,0.4657,4.0381
bhavam,147,47,3.9646,0.3612,3.6034
bhavam,148,47,3.5955,0.3001,3.2954
bhavam,149,46,3.7085,0.3187,3.3898
bhavam,150,45,4.0883,0.3444,3.7439
bhavam,151,42,4.7622,0.5358,4.2264
bhavam,152,41,4.2364,0.4809,3.7555
bhavam,153,41,3.679,0.4264,3.2526
bhavam,154,41,4.2694,0.5016,3.7678
bhavam,155,41,4.3227,0.5157,3.807
bhavam,156,41,5.2787,0.6274,4.6513
bhavam,157,41,4.7901,0.3608,4.4294
bhavam,158,41,4.8889,0.4599,4.429
bhavam,159,41,4.865,0.4518,4.4132
bhavam,160,40,4.8838,0.4976,4.3861
bhavam,161,40,5.4831,0.4746,5.0086
bhavam,162,40,4.7974,0.5679,4.2295
bhavam,163,39,3.8356,0.3789,3.4567
bhavam,164,39,4.6566,0.514,4.1427
bhavam,165,39,4.2345,0.4249,3.8096
bhavam,166,38,4.8451,0.533,4.3122
bhavam,167,38,4.4116,0.4138,3.9977
bhavam,168,38,4.6182,0.4989,4.1192
bhavam,169,38,3.2695,0.3162,2.9533
bhavam,170,37,3.9973,0.3324,3.6649
bhavam,171,37,5.7256,0.4335,5.292
bhavam,172,36,3.8947,0.4501,3.4446
bhavam,173,35,4.0315,0.3426,3.689
bhavam,174,35,3.3375,0.4031,2.9344
bhavam,175,35,4.6765,0.41,4.2665
bhavam,176,35,4.1355,0.2545,3.881
bhavam,177,34,4.9091,0.4932,4.4159
bhavam,178,33,4.7066,0.547,4.1596
bhavam,179,32,4.2135,0.4679,3.7456
bhavam,180,28,4.6302,0.4131,4.2171
bhavam,181,28,3.7524,0.3916,3.3608
bhavam,182,28,4.293,0.4978,3.7952
bhavam,183,28,5.0276,0.4591,4.5685
bhavam,184,28,4.6146,0.4134,4.2013
bhavam,185,28,3.3282,0.5493,2.7789
bhavam,186,28,5.8973,0.4715,5.4258
bhavam,187,28,5.0784,0.4399,4.6385
bhavam,188,28,4.0039,0.457,3.5469
bhavam,189,28,4.406,0.2853,4.1208
bhavam,190,27,4.582,0.339,4.2431
bhavam,191,25,5.0892,0.4534,4.6358
bhavam,192,25,4.6917,0.3933,4.2984
bhavam,193,25,5.5479,0.3929,5.1551
bhavam,194,23,2.8948,0.2568,2.6381
bhavam,195,22,4.2721,0.5434,3.7287
bhavam,196,22,5.0918,0.5673,4.5245
bhavam,197,22,5.3682,0.3939,4.9743
bhavam,198,21,5.5961,0.3571,5.239
bhavam,199,21,6.2999,0.4078,5.8921
bhavam,200,20,5.3918,0.2703,5.1215
bhavam,201,20,5.1314,0.6814,4.45
bhavam,202,19,6.0013,0.3438,5.6575
bhavam,203,19,4.688,0.5057,4.1824
bhavam,204,18,6.164,0.6089,5.5551
bhavam,205,18,4.1203,0.3461,3.7743
bhavam,206,18,2.7402,0.1997,2.5405
bhavam,207,18,6.131,0.582,5.549
bhavam,208,18,3.6404,0.38,3.2604
bhavam,209,17,2.7971,0.4846,2.3125
bhavam,210,17,3.9215,0.3461,3.5754
bhavam,211,17,3.5528,0.4187,3.1342
bhavam,212,16,4.5983,0.4874,4.1108
bhavam,213,16,4.8624,0.4376,4.4248
bhavam,214,16,7.1365,0.2307,6.9058
bhavam,215,16,6.0393,0.3309,5.7084
bhavam,216,16,6.9139,0.4222,6.4917
bhavam,217,16,4.138,0.2717,3.8663
bhavam,218,16,6.3186,0.4925,5.8262
bhavam,219,15,4.8913,0.3148,4.5766
bhavam,220,15,5.1617,0.917,4.2448
bhavam,221,15,3.6852,0.4669,3.2182
bhavam,222,15,3.312,0.2909,3.0211
bhavam,223,13,4.8444,0.3576,4.4868
bhavam,224,13,4.3944,0.7471,3.6472
bhavam,225,13,3.6744,0.5013,3.1731
bhavam,226,12,6.7294,0.3811,6.3483
bhavam,227,12,5.1682,0.3706,4.7975
bhavam,228,11,8.3654,0.5545,7.8109
bhavam,229,11,4.0488,0.3201,3.7287
bhavam,230,11,2.9522,0.3144,2.6378
bhavam,231,10,4.3243,0.4665,3.8578
bhavam,232,10,5.591,0.5503,5.0406
bhavam,233,10,5.0176,0.5707,4.4469
