group,value,n,s_true,gap
decile,0,1534,8.9418,7.505
decile,1,1310,8.8026,7.5198
decile,2,1370,8.2025,7.0267
decile,3,1273,7.6896,6.5382
decile,4,1206,7.7621,6.6242
decile,5,1407,7.2001,6.1276
decile,6,1296,8.2428,7.0871
decile,7,1347,7.9254,6.8587
decile,8,1333,8.4917,7.4435
decile,9,1649,7.8195,6.7649
metre:aataveladi,1,100,9.4929,7.9031
metre:aataveladi,2,100,7.9706,6.8374
metre:aataveladi,3,100,8.5451,7.3001
metre:aataveladi,4,100,8.8868,7.7078
metre:aataveladi,5,100,8.1778,7.0236
metre:aataveladi,6,100,8.622,7.5077
metre:aataveladi,7,100,6.667,5.6708
metre:aataveladi,8,100,7.8641,6.7481
metre:aataveladi,9,100,8.0113,6.9563
metre:aataveladi,10,100,7.1836,6.2316
metre:aataveladi,11,95,7.316,6.2575
metre:aataveladi,12,83,6.4389,5.5427
metre:aataveladi,13,63,7.4533,6.4528
metre:aataveladi,14,41,6.7088,5.9059
metre:aataveladi,15,15,5.4503,4.4228
metre:aataveladi,16,3,5.8366,4.875
metre:aataveladi,17,2,8.8492,7.4531
metre:champakamala,1,100,9.3369,7.8392
metre:champakamala,2,100,6.5548,5.4461
metre:champakamala,3,100,7.4885,6.3678
metre:champakamala,4,100,6.0497,4.7545
metre:champakamala,5,100,9.99,8.8193
metre:champakamala,6,100,6.6203,5.6114
metre:champakamala,7,100,9.1143,7.863
metre:champakamala,8,100,6.8672,5.8036
metre:champakamala,9,100,5.9132,4.9535
metre:champakamala,10,100,5.9532,4.9237
metre:champakamala,11,100,8.3222,7.1091
metre:champakamala,12,100,7.5631,6.4291
metre:champakamala,13,100,6.0678,5.0513
metre:champakamala,14,100,9.0649,7.8127
metre:champakamala,15,100,7.4216,6.3903
metre:champakamala,16,100,6.0184,5.0285
metre:champakamala,17,100,9.4639,8.3591
metre:champakamala,18,100,7.0559,6.0269
metre:champakamala,19,100,9.2606,8.0113
metre:champakamala,20,100,6.2001,5.2713
metre:champakamala,21,100,9.6218,8.3547
metre:kandamu,1,100,8.9466,7.3191
metre:kandamu,2,100,6.0906,5.2244
metre:kandamu,3,100,7.7986,6.827
metre:kandamu,4,100,8.1436,6.8411
metre:kandamu,5,100,8.1004,7.0103
metre:kandamu,6,100,7.7726,6.7607
metre:kandamu,7,100,7.8385,6.7472
metre:kandamu,8,99,6.8624,5.9344
metre:kandamu,9,93,7.6108,6.6897
metre:kandamu,10,74,7.7689,6.951
metre:kandamu,11,54,8.4507,7.7697
metre:kandamu,12,51,8.0081,7.4164
metre:kandamu,13,48,7.2085,6.4425
metre:kandamu,14,46,10.3604,9.7014
metre:kandamu,15,32,10.8606,9.9529
metre:kandamu,16,19,9.7361,8.7067
metre:kandamu,17,7,12.7242,11.9422
metre:kandamu,18,3,16.9954,15.1901
metre:mattakokila,1,100,11.5097,9.6168
metre:mattakokila,2,100,7.2415,6.1657
metre:mattakokila,3,100,11.194,9.8213
metre:mattakokila,4,100,7.3267,6.2027
metre:mattakokila,5,100,6.3193,5.286
metre:mattakokila,6,100,9.7162,8.4553
metre:mattakokila,7,100,7.1502,6.1693
metre:mattakokila,8,100,10.1376,8.9588
metre:mattakokila,9,100,7.3231,6.3308
metre:mattakokila,10,100,6.7932,5.7927
metre:mattakokila,11,100,9.4885,8.3046
metre:mattakokila,12,100,6.6848,5.7611
metre:mattakokila,13,100,8.9312,7.7753
metre:mattakokila,14,100,6.982,5.9848
metre:mattakokila,15,100,6.011,5.1116
metre:mattakokila,16,100,9.7869,8.7288
metre:mattakokila,17,100,6.0942,5.2216
metre:mattakokila,18,100,9.9849,8.7749
metre:mattebhavikriditamu,1,100,10.4989,8.8157
metre:mattebhavikriditamu,2,100,6.6748,5.6628
metre:mattebhavikriditamu,3,100,11.5099,9.9224
metre:mattebhavikriditamu,4,100,11.6263,9.9512
metre:mattebhavikriditamu,5,100,7.7266,6.6683
metre:mattebhavikriditamu,6,100,5.8876,4.8477
metre:mattebhavikriditamu,7,100,9.1652,7.8861
metre:mattebhavikriditamu,8,100,6.7935,5.7799
metre:mattebhavikriditamu,9,100,9.8712,8.5161
metre:mattebhavikriditamu,10,100,7.4933,6.3989
metre:mattebhavikriditamu,11,100,6.4763,5.5067
metre:mattebhavikriditamu,12,100,6.0689,5.016
metre:mattebhavikriditamu,13,100,8.5642,7.1658
metre:mattebhavikriditamu,14,100,10.7177,9.2175
metre:mattebhavikriditamu,15,100,10.9194,9.3889
metre:mattebhavikriditamu,16,100,7.2653,6.3367
metre:mattebhavikriditamu,17,100,9.9723,8.6817
metre:mattebhavikriditamu,18,100,9.8475,8.628
metre:mattebhavikriditamu,19,100,6.3859,5.4611
metre:mattebhavikriditamu,20,100,9.7558,8.4866
metre:shardulavikriditamu,1,100,11.5594,9.521
metre:shardulavikriditamu,2,100,9.6684,8.2414
metre:shardulavikriditamu,3,100,12.109,10.3998
metre:shardulavikriditamu,4,100,7.8732,6.8328
metre:shardulavikriditamu,5,100,7.3203,6.1401
metre:shardulavikriditamu,6,100,9.8691,8.5858
metre:shardulavikriditamu,7,100,6.3563,5.2881
metre:shardulavikriditamu,8,100,9.1749,7.7544
metre:shardulavikriditamu,9,100,7.267,5.9879
metre:shardulavikriditamu,10,100,5.979,4.9575
metre:shardulavikriditamu,11,100,5.8361,4.8005
metre:shardulavikriditamu,12,100,8.2506,7.0392
metre:shardulavikriditamu,13,100,10.52,9.1437
metre:shardulavikriditamu,14,100,10.2276,8.7455
metre:shardulavikriditamu,15,100,6.8617,6.0513
metre:shardulavikriditamu,16,100,9.8608,8.645
metre:shardulavikriditamu,17,100,10.3392,9.031
metre:shardulavikriditamu,18,100,6.1239,5.2128
metre:shardulavikriditamu,19,100,9.3504,7.8985
metre:tetagiti,1,100,9.8269,8.118
metre:tetagiti,2,100,7.8194,6.7468
metre:tetagiti,3,100,7.7329,6.5351
metre:tetagiti,4,100,8.4654,7.1867
metre:tetagiti,5,100,8.4059,7.1747
metre:tetagiti,6,100,7.7422,6.5356
metre:tetagiti,7,100,7.3984,6.2789
metre:tetagiti,8,100,6.7637,5.8439
metre:tetagiti,9,100,7.9022,6.7768
metre:tetagiti,10,100,7.3779,6.3394
metre:tetagiti,11,100,7.0293,6.1406
metre:tetagiti,12,100,7.1857,6.3293
metre:tetagiti,13,91,6.2196,5.2806
metre:tetagiti,14,63,6.6804,5.8103
metre:tetagiti,15,31,5.5809,4.7864
metre:tetagiti,16,11,5.0467,4.3504
metre:tetagiti,17,1,1.0339,0.0
metre:utpalamala,1,100,11.2876,9.477
metre:utpalamala,2,100,7.3436,6.2511
metre:utpalamala,3,100,7.1196,6.0493
metre:utpalamala,4,100,10.4059,8.9107
metre:utpalamala,5,100,7.3253,6.2088
metre:utpalamala,6,100,9.5548,8.1662
metre:utpalamala,7,100,7.6742,6.4871
metre:utpalamala,8,100,6.2352,5.1748
metre:utpalamala,9,100,6.7744,5.6494
metre:utpalamala,10,100,9.2791,7.8425
metre:utpalamala,11,100,7.9387,6.6837
metre:utpalamala,12,100,5.9938,4.9655
metre:utpalamala,13,100,9.1677,7.8448
metre:utpalamala,14,100,6.3459,5.3292
metre:utpalamala,15,100,6.6625,5.6247
metre:utpalamala,16,100,9.57,8.4522
metre:utpalamala,17,100,6.3927,5.4282
metre:utpalamala,18,100,9.93,8.7517
metre:utpalamala,19,100,6.2279,5.3906
metre:utpalamala,20,100,9.7025,8.3109
pada,1,3388,10.0776,8.951
pada,2,3475,7.8136,6.7239
pada,3,3389,7.1832,5.9628
pada,4,3473,7.3997,6.1979
