id,metre,condition,nll_genuine,nll_shuffle,delta,preferred
1-146-శా.,shardulavikriditamu,bos,6.10859,6.27249,-0.1639,genuine
1-246-మత్త.,mattakokila,bos,5.75945,6.1778,-0.41834,genuine
1-258.1-ఆ.,aataveladi,bos,5.88557,6.08531,-0.19974,genuine
1-277.1-ఆ.,aataveladi,bos,7.00666,6.47427,0.53239,shuffle
1-303-మత్త.,mattakokila,bos,6.82165,6.89725,-0.0756,genuine
1-321.1-ఆ.,aataveladi,bos,6.52858,6.00864,0.51993,shuffle
1-325-ఉ.,utpalamala,bos,5.65665,6.08687,-0.43022,genuine
1-338.1-ఆ.,aataveladi,bos,5.72103,5.69228,0.02875,shuffle
1-36.1-తే.,tetagiti,bos,5.67402,5.86027,-0.18624,genuine
1-399-మ.,mattebhavikriditamu,bos,6.00974,6.02903,-0.01929,genuine
1-7-శా.,shardulavikriditamu,bos,5.76699,5.788,-0.021,genuine
1-99-చ.,champakamala,bos,5.63011,5.61932,0.01079,shuffle
10.1-103-మత్త.,mattakokila,bos,6.41569,6.56483,-0.14913,genuine
10.1-1036-మ.,mattebhavikriditamu,bos,6.35376,6.81296,-0.45921,genuine
10.1-1043-ఉ.,utpalamala,bos,6.2579,6.48107,-0.22317,genuine
10.1-106.1-తే.,tetagiti,bos,6.09711,6.25065,-0.15355,genuine
10.1-1077.1-ఆ.,aataveladi,bos,6.35259,6.85565,-0.50306,genuine
10.1-1104-మత్త.,mattakokila,bos,5.71601,6.04412,-0.32811,genuine
10.1-1189-ఆ.,aataveladi,bos,6.98817,6.37268,0.61548,shuffle
10.1-1196-ఉ.,utpalamala,bos,7.98565,7.99952,-0.01387,genuine
10.1-1211-శా.,shardulavikriditamu,bos,5.73396,5.88695,-0.153,genuine
10.1-127-ఉ.,utpalamala,bos,6.85709,7.26264,-0.40555,genuine
10.1-1297-ఉ.,utpalamala,bos,6.70781,6.4946,0.21322,shuffle
10.1-1317-శా.,shardulavikriditamu,bos,6.9016,6.86551,0.03608,shuffle
10.1-1410-శా.,shardulavikriditamu,bos,6.34194,6.37276,-0.03082,genuine
10.1-1421-ఉ.,utpalamala,bos,6.13749,6.41419,-0.27669,genuine
10.1-1441-శా.,shardulavikriditamu,bos,6.63408,6.60276,0.03132,shuffle
10.1-1449-మ.,mattebhavikriditamu,bos,5.43436,5.16249,0.27187,shuffle
10.1-1570-శా.,shardulavikriditamu,bos,6.62114,6.82376,-0.20262,genuine
10.1-1585-శా.,shardulavikriditamu,bos,6.0855,6.09844,-0.01294,genuine
10.1-1599-ఉ.,utpalamala,bos,6.47943,6.60314,-0.1237,genuine
10.1-1698-ఉ.,utpalamala,bos,5.96999,6.39998,-0.42999,genuine
10.1-1732.1-ఆ.,aataveladi,bos,5.5714,5.74775,-0.17635,genuine
10.1-1769-మత్త.,mattakokila,bos,6.42383,6.04275,0.38108,shuffle
10.1-1770-మ.,mattebhavikriditamu,bos,6.06318,5.98709,0.07609,shuffle
10.1-187-ఉ.,utpalamala,bos,5.90025,6.1338,-0.23354,genuine
10.1-213-మత్త.,mattakokila,bos,5.68744,6.57558,-0.88814,genuine
10.1-259-ఆ.,aataveladi,bos,6.23715,6.35069,-0.11354,genuine
10.1-310-మత్త.,mattakokila,bos,5.80262,5.89164,-0.08901,genuine
10.1-445-ఉ.,utpalamala,bos,6.82077,6.86597,-0.0452,genuine
10.1-530-శా.,shardulavikriditamu,bos,6.82993,6.52387,0.30605,shuffle
10.1-653.1-ఆ.,aataveladi,bos,6.02563,5.67629,0.34935,shuffle
10.1-720-క.,kandamu,bos,7.0554,6.41092,0.64448,shuffle
10.1-732-మ.,mattebhavikriditamu,bos,5.86219,5.93721,-0.07503,genuine
10.1-739-మత్త.,mattakokila,bos,6.48247,6.11698,0.36549,shuffle
10.1-777-మ.,mattebhavikriditamu,bos,6.66888,6.52612,0.14276,shuffle
10.1-782-క.,kandamu,bos,6.45572,6.57441,-0.11868,genuine
10.1-866-శా.,shardulavikriditamu,bos,6.63925,7.12638,-0.48713,genuine
10.1-878.1-ఆ.,aataveladi,bos,5.75321,6.3682,-0.61499,genuine
10.1-890-శా.,shardulavikriditamu,bos,6.32558,6.51466,-0.18908,genuine
10.2-1025.1-తే.,tetagiti,bos,6.41911,6.45964,-0.04053,genuine
10.2-1152-మత్త.,mattakokila,bos,6.61699,6.45231,0.16469,shuffle
10.2-1177.1-తే.,tetagiti,bos,5.58853,5.78026,-0.19173,genuine
10.2-1188-ఉ.,utpalamala,bos,6.15499,6.50966,-0.35467,genuine
10.2-1197.1-తే.,tetagiti,bos,6.69004,6.39699,0.29305,shuffle
10.2-1258-మ.,mattebhavikriditamu,bos,7.33451,7.28885,0.04566,shuffle
10.2-1316-క.,kandamu,bos,8.19287,7.95123,0.24165,shuffle
10.2-1335-మ.,mattebhavikriditamu,bos,7.41575,7.45747,-0.04172,genuine
10.2-136-శా.,shardulavikriditamu,bos,7.32391,6.95741,0.3665,shuffle
10.2-15-మత్త.,mattakokila,bos,6.30905,6.02203,0.28702,shuffle
10.2-164-మ.,mattebhavikriditamu,bos,6.61451,6.47969,0.13482,shuffle
10.2-222-శా.,shardulavikriditamu,bos,6.84759,7.3454,-0.49782,genuine
10.2-263-చ.,champakamala,bos,5.76876,6.05533,-0.28656,genuine
10.2-29-ఉ.,utpalamala,bos,6.38126,6.02777,0.35349,shuffle
10.2-31-శా.,shardulavikriditamu,bos,6.92076,7.16848,-0.24771,genuine
10.2-374-క.,kandamu,bos,7.46421,7.93252,-0.4683,genuine
10.2-490-చ.,champakamala,bos,5.96246,5.81293,0.14952,shuffle
10.2-503-చ.,champakamala,bos,6.38466,6.25636,0.1283,shuffle
10.2-523-మ.,mattebhavikriditamu,bos,6.92747,6.79907,0.12841,shuffle
10.2-552-మత్త.,mattakokila,bos,6.27116,6.34844,-0.07728,genuine
10.2-58-మ.,mattebhavikriditamu,bos,5.67723,6.36603,-0.68881,genuine
10.2-70-క.,kandamu,bos,6.58093,6.99301,-0.41208,genuine
10.2-706-క.,kandamu,bos,7.15782,8.16864,-1.01081,genuine
10.2-766.1-ఆ.,aataveladi,bos,5.98098,6.2056,-0.22462,genuine
10.2-776-చ.,champakamala,bos,6.19635,6.78382,-0.58747,genuine
10.2-792-చ.,champakamala,bos,6.53207,6.87938,-0.34731,genuine
10.2-894-చ.,champakamala,bos,5.82652,5.65648,0.17004,shuffle
10.2-96.1-ఆ.,aataveladi,bos,7.18658,6.86541,0.32117,shuffle
10.2-970-చ.,champakamala,bos,5.85973,5.7717,0.08803,shuffle
10.2-985-ఉ.,utpalamala,bos,6.66461,7.14961,-0.485,genuine
11-16-మత్త.,mattakokila,bos,6.37624,6.2173,0.15893,shuffle
11-80.1-తే.,tetagiti,bos,6.42543,6.40361,0.02182,shuffle
11-90-క.,kandamu,bos,6.28475,6.41839,-0.13364,genuine
12-44-క.,kandamu,bos,5.99106,5.59541,0.39566,shuffle
2-125-క.,kandamu,bos,6.03624,6.27769,-0.24145,genuine
2-136.1-తే.,tetagiti,bos,6.89141,6.52052,0.37089,shuffle
2-164-క.,kandamu,bos,6.11413,6.12438,-0.01025,genuine
2-219-మ.,mattebhavikriditamu,bos,7.83491,7.78417,0.05074,shuffle
2-73-మ.,mattebhavikriditamu,bos,6.80899,7.3287,-0.51971,genuine
2-81-శా.,shardulavikriditamu,bos,7.28739,6.43629,0.8511,shuffle
3-108-చ.,champakamala,bos,6.21255,6.31205,-0.0995,genuine
3-119-చ.,champakamala,bos,7.13217,6.83792,0.29424,shuffle
3-160-మ.,mattebhavikriditamu,bos,7.1187,6.75171,0.36699,shuffle
3-193-క.,kandamu,bos,5.8799,6.80879,-0.9289,genuine
3-276-తే.,tetagiti,bos,5.94843,6.10476,-0.15633,genuine
3-31-ఉ.,utpalamala,bos,5.85238,5.62988,0.2225,shuffle
3-314-క.,kandamu,bos,6.61657,6.1867,0.42987,shuffle
3-323-క.,kandamu,bos,7.63293,8.19367,-0.56074,genuine
3-355.1-తే.,tetagiti,bos,6.69833,6.65632,0.04202,shuffle
3-435-చ.,champakamala,bos,6.67954,6.47121,0.20833,shuffle
3-437.1-తే.,tetagiti,bos,6.83174,6.91109,-0.07935,genuine
3-445-చ.,champakamala,bos,7.10995,7.07308,0.03687,shuffle
3-538.1-తే.,tetagiti,bos,7.09495,7.27863,-0.18368,genuine
3-607-మ.,mattebhavikriditamu,bos,7.12465,6.5544,0.57025,shuffle
3-609-మ.,mattebhavikriditamu,bos,7.70353,7.54064,0.16288,shuffle
3-611-చ.,champakamala,bos,5.63129,5.862,-0.23071,genuine
3-616-క.,kandamu,bos,7.04778,7.37519,-0.32741,genuine
3-621-చ.,champakamala,bos,6.68323,7.24033,-0.55711,genuine
3-659-ఉ.,utpalamala,bos,6.2961,6.15317,0.14292,shuffle
3-665-మ.,mattebhavikriditamu,bos,6.29663,6.25768,0.03895,shuffle
3-801.1-తే.,tetagiti,bos,6.70444,7.3764,-0.67196,genuine
3-857-తే.,tetagiti,bos,6.02738,5.9554,0.07198,shuffle
3-875-క.,kandamu,bos,6.91569,7.69281,-0.77712,genuine
3-931-ఉ.,utpalamala,bos,6.67274,6.67998,-0.00724,genuine
3-955-చ.,champakamala,bos,6.36123,6.58389,-0.22266,genuine
3-959.1-తే.,tetagiti,bos,6.27319,7.31902,-1.04584,genuine
3-975.1-తే.,tetagiti,bos,5.81906,5.94081,-0.12175,genuine
3-98-చ.,champakamala,bos,6.64445,7.43482,-0.79037,genuine
4-117-తే.,tetagiti,bos,5.3256,6.27421,-0.94861,genuine
4-163.1-తే.,tetagiti,bos,6.72675,6.83379,-0.10705,genuine
4-169-ఉ.,utpalamala,bos,6.63681,7.13324,-0.49643,genuine
4-189-చ.,champakamala,bos,6.65738,7.79568,-1.1383,genuine
4-217-తే.,tetagiti,bos,5.98568,7.0299,-1.04422,genuine
4-273-చ.,champakamala,bos,5.59151,5.8053,-0.21379,genuine
4-281-చ.,champakamala,bos,5.77086,6.20588,-0.43502,genuine
4-337-చ.,champakamala,bos,6.56741,7.10729,-0.53987,genuine
4-492-చ.,champakamala,bos,6.48679,6.62835,-0.14156,genuine
4-505-తే.,tetagiti,bos,5.3652,6.3174,-0.9522,genuine
4-646-మత్త.,mattakokila,bos,6.58237,6.49573,0.08664,shuffle
4-778-ఉ.,utpalamala,bos,5.73345,6.66025,-0.9268,genuine
4-782-చ.,champakamala,bos,6.23431,6.03989,0.19441,shuffle
4-826-క.,kandamu,bos,6.14997,6.29751,-0.14754,genuine
4-835.1-తే.,tetagiti,bos,6.7636,6.86353,-0.09993,genuine
4-854.1-తే.,tetagiti,bos,5.20554,6.14603,-0.94048,genuine
4-924-చ.,champakamala,bos,5.69487,6.18328,-0.4884,genuine
5.1-131-ఆ.,aataveladi,bos,6.30834,6.07278,0.23556,shuffle
5.1-156-ఉ.,utpalamala,bos,6.02941,6.72263,-0.69322,genuine
5.1-170-ఆ.,aataveladi,bos,6.1846,5.89468,0.28992,shuffle
5.1-79-ఆ.,aataveladi,bos,6.11807,6.19144,-0.07336,genuine
5.2-133-ఆ.,aataveladi,bos,5.95388,6.37341,-0.41953,genuine
5.2-167-మత్త.,mattakokila,bos,6.95102,6.6996,0.25142,shuffle
5.2-28.1-ఆ.,aataveladi,bos,6.94391,6.61741,0.3265,shuffle
6-174-ఉ.,utpalamala,bos,6.66496,6.92677,-0.26181,genuine
6-236-మత్త.,mattakokila,bos,6.53441,6.35731,0.17709,shuffle
6-329-మత్త.,mattakokila,bos,7.06895,6.26366,0.80529,shuffle
6-348-ఆ.,aataveladi,bos,5.88783,6.02952,-0.14169,genuine
6-375-మ.,mattebhavikriditamu,bos,6.60841,6.84934,-0.24093,genuine
6-387-మ.,mattebhavikriditamu,bos,6.95275,6.87712,0.07563,shuffle
6-462-తే.,tetagiti,bos,7.6419,7.11182,0.53008,shuffle
6-483.1-ఆ.,aataveladi,bos,6.08036,6.41928,-0.33893,genuine
6-508-ఆ.,aataveladi,bos,6.42553,6.84104,-0.41551,genuine
6-6-క.,kandamu,bos,6.81583,7.15948,-0.34365,genuine
6-64-క.,kandamu,bos,6.77594,6.49412,0.28182,shuffle
7-122.1-తే.,tetagiti,bos,6.15788,5.93026,0.22762,shuffle
7-15-క.,kandamu,bos,5.83711,5.89229,-0.05518,genuine
7-191-ఉ.,utpalamala,bos,6.34978,5.76455,0.58523,shuffle
7-206-శా.,shardulavikriditamu,bos,6.07491,6.42431,-0.3494,genuine
7-214.1-ఆ.,aataveladi,bos,6.39802,6.37621,0.02181,shuffle
7-215-శా.,shardulavikriditamu,bos,6.4809,6.58738,-0.10648,genuine
7-223-శా.,shardulavikriditamu,bos,6.50496,6.63817,-0.13321,genuine
7-225-మత్త.,mattakokila,bos,5.51921,5.64709,-0.12788,genuine
7-264-క.,kandamu,bos,6.31227,6.56558,-0.2533,genuine
7-282-శా.,shardulavikriditamu,bos,5.63734,5.98776,-0.35042,genuine
7-338-ఉ.,utpalamala,bos,6.39828,6.40409,-0.00581,genuine
7-358-మత్త.,mattakokila,bos,6.53888,6.12907,0.40981,shuffle
7-39.1-ఆ.,aataveladi,bos,5.88399,5.80064,0.08335,shuffle
7-439-క.,kandamu,bos,6.10454,6.4595,-0.35496,genuine
7-461-మ.,mattebhavikriditamu,bos,6.57401,6.37124,0.20277,shuffle
7-55-మ.,mattebhavikriditamu,bos,6.3859,6.8518,-0.4659,genuine
7-67-ఉ.,utpalamala,bos,6.72281,7.46461,-0.7418,genuine
7-81-మత్త.,mattakokila,bos,6.35476,7.12736,-0.77259,genuine
7-82-శా.,shardulavikriditamu,bos,6.63399,6.89504,-0.26104,genuine
7-90-శా.,shardulavikriditamu,bos,6.34514,6.1429,0.20224,shuffle
8-117-మ.,mattebhavikriditamu,bos,6.63289,6.25764,0.37524,shuffle
8-123-మ.,mattebhavikriditamu,bos,6.4549,6.92331,-0.46842,genuine
8-168-మత్త.,mattakokila,bos,7.04411,6.81458,0.22954,shuffle
8-183.1-తే.,tetagiti,bos,5.99178,6.8443,-0.85252,genuine
8-19-క.,kandamu,bos,6.13707,6.09884,0.03823,shuffle
8-27-ఆ.,aataveladi,bos,6.05575,6.2093,-0.15354,genuine
8-596-మత్త.,mattakokila,bos,6.00537,6.28748,-0.28211,genuine
8-622-శా.,shardulavikriditamu,bos,5.61306,5.64409,-0.03103,genuine
8-67-ఉ.,utpalamala,bos,7.02377,7.0016,0.02218,shuffle
8-696-మత్త.,mattakokila,bos,5.73666,6.34339,-0.60673,genuine
8-725-ఉ.,utpalamala,bos,5.70427,5.41206,0.29221,shuffle
8-733-మ.,mattebhavikriditamu,bos,6.89073,6.4842,0.40653,shuffle
9-108-శా.,shardulavikriditamu,bos,6.56326,6.88105,-0.31779,genuine
9-143-మత్త.,mattakokila,bos,7.67289,7.03276,0.64012,shuffle
9-146-శా.,shardulavikriditamu,bos,6.55901,6.74685,-0.18784,genuine
9-208-చ.,champakamala,bos,6.29221,6.2089,0.0833,shuffle
9-304-క.,kandamu,bos,6.38921,6.93092,-0.5417,genuine
9-306.1-ఆ.,aataveladi,bos,5.98863,6.4021,-0.41347,genuine
9-319.1-ఆ.,aataveladi,bos,5.91617,6.25941,-0.34324,genuine
9-351-మత్త.,mattakokila,bos,6.49836,6.44501,0.05335,shuffle
9-365-తే.,tetagiti,bos,4.97991,4.88893,0.09098,shuffle
9-532-మత్త.,mattakokila,bos,6.76151,6.69348,0.06803,shuffle
9-560-శా.,shardulavikriditamu,bos,7.17451,6.5857,0.58881,shuffle
9-595-క.,kandamu,bos,7.70633,7.84912,-0.14279,genuine
9-604-క.,kandamu,bos,5.79449,6.09655,-0.30206,genuine
9-704-మ.,mattebhavikriditamu,bos,5.92302,6.03362,-0.1106,genuine
9-732-చ.,champakamala,bos,6.16855,6.23432,-0.06577,genuine
1-146-శా.,shardulavikriditamu,nobos,13.35951,14.02113,-0.66162,genuine
1-246-మత్త.,mattakokila,nobos,14.25618,12.25067,2.00551,shuffle
1-258.1-ఆ.,aataveladi,nobos,12.9069,13.59529,-0.68839,genuine
1-277.1-ఆ.,aataveladi,nobos,13.11727,13.69257,-0.5753,genuine
1-303-మత్త.,mattakokila,nobos,14.70568,13.53012,1.17556,shuffle
1-321.1-ఆ.,aataveladi,nobos,12.05,12.16885,-0.11885,genuine
1-325-ఉ.,utpalamala,nobos,13.96435,13.51744,0.44691,shuffle
1-338.1-ఆ.,aataveladi,nobos,10.43445,12.49344,-2.05899,genuine
1-36.1-తే.,tetagiti,nobos,12.79547,12.6091,0.18637,shuffle
1-399-మ.,mattebhavikriditamu,nobos,13.30264,13.17982,0.12282,shuffle
1-7-శా.,shardulavikriditamu,nobos,11.97545,12.38084,-0.40539,genuine
1-99-చ.,champakamala,nobos,11.76691,13.10308,-1.33617,genuine
10.1-103-మత్త.,mattakokila,nobos,13.38443,12.22999,1.15444,shuffle
10.1-1036-మ.,mattebhavikriditamu,nobos,13.58122,13.67354,-0.09232,genuine
10.1-1043-ఉ.,utpalamala,nobos,12.83711,13.34235,-0.50524,genuine
10.1-106.1-తే.,tetagiti,nobos,12.75004,14.26505,-1.51501,genuine
10.1-1077.1-ఆ.,aataveladi,nobos,12.95365,14.40994,-1.45629,genuine
10.1-1104-మత్త.,mattakokila,nobos,11.37004,11.12603,0.24401,shuffle
10.1-1189-ఆ.,aataveladi,nobos,12.25056,13.36523,-1.11467,genuine
10.1-1196-ఉ.,utpalamala,nobos,14.5878,14.11496,0.47284,shuffle
10.1-1211-శా.,shardulavikriditamu,nobos,12.99909,12.2851,0.71399,shuffle
10.1-127-ఉ.,utpalamala,nobos,15.29654,13.80461,1.49194,shuffle
10.1-1297-ఉ.,utpalamala,nobos,12.19659,13.8651,-1.66851,genuine
10.1-1317-శా.,shardulavikriditamu,nobos,14.37135,13.53026,0.84109,shuffle
10.1-1410-శా.,shardulavikriditamu,nobos,13.39683,12.12225,1.27458,shuffle
10.1-1421-ఉ.,utpalamala,nobos,14.6605,13.2576,1.40291,shuffle
10.1-1441-శా.,shardulavikriditamu,nobos,14.26047,12.9734,1.28707,shuffle
10.1-1449-మ.,mattebhavikriditamu,nobos,12.09833,11.49987,0.59846,shuffle
10.1-1570-శా.,shardulavikriditamu,nobos,14.50367,14.37174,0.13193,shuffle
10.1-1585-శా.,shardulavikriditamu,nobos,13.50845,11.85209,1.65636,shuffle
10.1-1599-ఉ.,utpalamala,nobos,13.32382,13.48314,-0.15932,genuine
10.1-1698-ఉ.,utpalamala,nobos,13.10782,13.64998,-0.54216,genuine
10.1-1732.1-ఆ.,aataveladi,nobos,13.04822,12.64971,0.39851,shuffle
10.1-1769-మత్త.,mattakokila,nobos,14.74022,13.52067,1.21955,shuffle
10.1-1770-మ.,mattebhavikriditamu,nobos,12.51899,13.25487,-0.73588,genuine
10.1-187-ఉ.,utpalamala,nobos,12.94487,14.0332,-1.08832,genuine
10.1-213-మత్త.,mattakokila,nobos,14.10723,14.26436,-0.15713,genuine
10.1-259-ఆ.,aataveladi,nobos,10.96436,12.76325,-1.79889,genuine
10.1-310-మత్త.,mattakokila,nobos,11.60282,12.66373,-1.06091,genuine
10.1-445-ఉ.,utpalamala,nobos,13.20999,12.23962,0.97037,shuffle
10.1-530-శా.,shardulavikriditamu,nobos,14.04947,14.52342,-0.47395,genuine
10.1-653.1-ఆ.,aataveladi,nobos,10.63812,11.15204,-0.51392,genuine
10.1-720-క.,kandamu,nobos,15.19505,15.80023,-0.60519,genuine
10.1-732-మ.,mattebhavikriditamu,nobos,13.75171,11.00069,2.75102,shuffle
10.1-739-మత్త.,mattakokila,nobos,14.52236,13.47926,1.0431,shuffle
10.1-777-మ.,mattebhavikriditamu,nobos,14.50394,12.96835,1.53559,shuffle
10.1-782-క.,kandamu,nobos,14.46562,12.24877,2.21686,shuffle
10.1-866-శా.,shardulavikriditamu,nobos,14.15407,15.38754,-1.23347,genuine
10.1-878.1-ఆ.,aataveladi,nobos,12.5572,12.49374,0.06346,shuffle
10.1-890-శా.,shardulavikriditamu,nobos,13.71254,12.92108,0.79146,shuffle
10.2-1025.1-తే.,tetagiti,nobos,14.58317,13.65903,0.92415,shuffle
10.2-1152-మత్త.,mattakokila,nobos,12.65874,12.55643,0.10231,shuffle
10.2-1177.1-తే.,tetagiti,nobos,11.66594,12.38452,-0.71858,genuine
10.2-1188-ఉ.,utpalamala,nobos,14.13274,14.07729,0.05545,shuffle
10.2-1197.1-తే.,tetagiti,nobos,13.85581,14.39024,-0.53442,genuine
10.2-1258-మ.,mattebhavikriditamu,nobos,13.7783,13.40159,0.37671,shuffle
10.2-1316-క.,kandamu,nobos,15.81491,14.32101,1.4939,shuffle
10.2-1335-మ.,mattebhavikriditamu,nobos,15.1567,14.06638,1.09033,shuffle
10.2-136-శా.,shardulavikriditamu,nobos,13.7466,13.04888,0.69772,shuffle
10.2-15-మత్త.,mattakokila,nobos,11.22882,11.36346,-0.13463,genuine
10.2-164-మ.,mattebhavikriditamu,nobos,14.09337,14.23527,-0.14191,genuine
10.2-222-శా.,shardulavikriditamu,nobos,14.38605,13.74256,0.64349,shuffle
10.2-263-చ.,champakamala,nobos,11.60293,11.94973,-0.3468,genuine
10.2-29-ఉ.,utpalamala,nobos,14.37689,12.65369,1.72321,shuffle
10.2-31-శా.,shardulavikriditamu,nobos,15.21006,14.85629,0.35377,shuffle
10.2-374-క.,kandamu,nobos,14.47362,14.62326,-0.14964,genuine
10.2-490-చ.,champakamala,nobos,13.27675,12.97852,0.29823,shuffle
10.2-503-చ.,champakamala,nobos,12.15548,12.37591,-0.22043,genuine
10.2-523-మ.,mattebhavikriditamu,nobos,14.84701,14.42034,0.42667,shuffle
10.2-552-మత్త.,mattakokila,nobos,13.86832,13.46301,0.40531,shuffle
10.2-58-మ.,mattebhavikriditamu,nobos,12.48652,12.96239,-0.47586,genuine
10.2-70-క.,kandamu,nobos,15.078,13.47891,1.5991,shuffle
10.2-706-క.,kandamu,nobos,14.26429,15.06804,-0.80375,genuine
10.2-766.1-ఆ.,aataveladi,nobos,15.05129,12.07628,2.97502,shuffle
10.2-776-చ.,champakamala,nobos,12.98907,12.34717,0.6419,shuffle
10.2-792-చ.,champakamala,nobos,13.01696,13.69188,-0.67492,genuine
10.2-894-చ.,champakamala,nobos,13.87238,12.85078,1.0216,shuffle
10.2-96.1-ఆ.,aataveladi,nobos,13.69337,13.49563,0.19775,shuffle
10.2-970-చ.,champakamala,nobos,11.98597,12.47534,-0.48937,genuine
10.2-985-ఉ.,utpalamala,nobos,15.81424,13.42337,2.39087,shuffle
11-16-మత్త.,mattakokila,nobos,11.30586,13.44409,-2.13823,genuine
11-80.1-తే.,tetagiti,nobos,12.28481,13.33781,-1.053,genuine
11-90-క.,kandamu,nobos,13.88792,13.89574,-0.00782,genuine
12-44-క.,kandamu,nobos,13.22523,11.87483,1.3504,shuffle
2-125-క.,kandamu,nobos,13.81455,15.4097,-1.59515,genuine
2-136.1-తే.,tetagiti,nobos,11.85205,12.549,-0.69695,genuine
2-164-క.,kandamu,nobos,12.64627,13.2907,-0.64444,genuine
2-219-మ.,mattebhavikriditamu,nobos,14.72347,15.04064,-0.31718,genuine
2-73-మ.,mattebhavikriditamu,nobos,15.45598,13.59163,1.86435,shuffle
2-81-శా.,shardulavikriditamu,nobos,13.9742,15.08272,-1.10852,genuine
3-108-చ.,champakamala,nobos,13.05901,13.70097,-0.64196,genuine
3-119-చ.,champakamala,nobos,15.19792,13.42918,1.76874,shuffle
3-160-మ.,mattebhavikriditamu,nobos,13.49586,13.58624,-0.09039,genuine
3-193-క.,kandamu,nobos,13.88323,13.34646,0.53677,shuffle
3-276-తే.,tetagiti,nobos,11.53892,11.62141,-0.08248,genuine
3-31-ఉ.,utpalamala,nobos,11.4839,11.43125,0.05265,shuffle
3-314-క.,kandamu,nobos,14.4992,12.32531,2.17389,shuffle
3-323-క.,kandamu,nobos,13.28883,15.30015,-2.01131,genuine
3-355.1-తే.,tetagiti,nobos,12.8632,14.31353,-1.45033,genuine
3-435-చ.,champakamala,nobos,13.21183,14.87417,-1.66234,genuine
3-437.1-తే.,tetagiti,nobos,14.14675,14.73749,-0.59073,genuine
3-445-చ.,champakamala,nobos,13.31111,13.94673,-0.63561,genuine
3-538.1-తే.,tetagiti,nobos,13.40337,14.46181,-1.05844,genuine
3-607-మ.,mattebhavikriditamu,nobos,15.03454,13.98323,1.05131,shuffle
3-609-మ.,mattebhavikriditamu,nobos,15.31007,14.19022,1.11985,shuffle
3-611-చ.,champakamala,nobos,14.50777,12.89876,1.60901,shuffle
3-616-క.,kandamu,nobos,13.75254,14.16365,-0.41111,genuine
3-621-చ.,champakamala,nobos,14.58943,14.36324,0.22619,shuffle
3-659-ఉ.,utpalamala,nobos,13.46633,13.56575,-0.09943,genuine
3-665-మ.,mattebhavikriditamu,nobos,14.59741,12.53097,2.06643,shuffle
3-801.1-తే.,tetagiti,nobos,14.26585,13.90542,0.36043,shuffle
3-857-తే.,tetagiti,nobos,12.95858,13.43536,-0.47679,genuine
3-875-క.,kandamu,nobos,13.52002,14.71785,-1.19783,genuine
3-931-ఉ.,utpalamala,nobos,13.42249,13.30014,0.12234,shuffle
3-955-చ.,champakamala,nobos,14.64731,14.16383,0.48348,shuffle
3-959.1-తే.,tetagiti,nobos,14.0545,12.77165,1.28285,shuffle
3-975.1-తే.,tetagiti,nobos,11.8876,12.18498,-0.29739,genuine
3-98-చ.,champakamala,nobos,15.06972,14.44176,0.62796,shuffle
4-117-తే.,tetagiti,nobos,13.04966,12.78325,0.26641,shuffle
4-163.1-తే.,tetagiti,nobos,12.91678,13.46927,-0.5525,genuine
4-169-ఉ.,utpalamala,nobos,14.18785,14.14579,0.04206,shuffle
4-189-చ.,champakamala,nobos,15.06456,13.29,1.77456,shuffle
4-217-తే.,tetagiti,nobos,14.01376,13.99408,0.01968,shuffle
4-273-చ.,champakamala,nobos,11.83547,12.46028,-0.62481,genuine
4-281-చ.,champakamala,nobos,13.48705,12.95819,0.52887,shuffle
4-337-చ.,champakamala,nobos,13.38106,14.10129,-0.72023,genuine
4-492-చ.,champakamala,nobos,13.2948,12.20293,1.09186,shuffle
4-505-తే.,tetagiti,nobos,12.94542,12.66961,0.27582,shuffle
4-646-మత్త.,mattakokila,nobos,13.73219,14.24012,-0.50792,genuine
4-778-ఉ.,utpalamala,nobos,13.37416,13.34719,0.02697,shuffle
4-782-చ.,champakamala,nobos,12.37488,14.05593,-1.68105,genuine
4-826-క.,kandamu,nobos,13.26778,13.32557,-0.05779,genuine
4-835.1-తే.,tetagiti,nobos,13.98785,13.93294,0.05491,shuffle
4-854.1-తే.,tetagiti,nobos,12.94776,13.14579,-0.19803,genuine
4-924-చ.,champakamala,nobos,12.22845,14.70808,-2.47964,genuine
5.1-131-ఆ.,aataveladi,nobos,12.98117,12.38868,0.59249,shuffle
5.1-156-ఉ.,utpalamala,nobos,13.25488,13.04314,0.21174,shuffle
5.1-170-ఆ.,aataveladi,nobos,13.72188,12.5116,1.21028,shuffle
5.1-79-ఆ.,aataveladi,nobos,12.64185,12.72239,-0.08054,genuine
5.2-133-ఆ.,aataveladi,nobos,13.75595,13.59146,0.16448,shuffle
5.2-167-మత్త.,mattakokila,nobos,15.8389,14.01945,1.81945,shuffle
5.2-28.1-ఆ.,aataveladi,nobos,14.76197,13.82188,0.94009,shuffle
6-174-ఉ.,utpalamala,nobos,14.01298,14.22076,-0.20778,genuine
6-236-మత్త.,mattakokila,nobos,14.17173,12.70033,1.47141,shuffle
6-329-మత్త.,mattakokila,nobos,13.32975,14.0513,-0.72155,genuine
6-348-ఆ.,aataveladi,nobos,12.85539,12.0149,0.84049,shuffle
6-375-మ.,mattebhavikriditamu,nobos,14.43919,15.37408,-0.93489,genuine
6-387-మ.,mattebhavikriditamu,nobos,14.57907,14.21975,0.35932,shuffle
6-462-తే.,tetagiti,nobos,14.08382,14.6772,-0.59338,genuine
6-483.1-ఆ.,aataveladi,nobos,13.40873,13.50158,-0.09285,genuine
6-508-ఆ.,aataveladi,nobos,13.63243,11.74967,1.88276,shuffle
6-6-క.,kandamu,nobos,14.12576,13.12871,0.99704,shuffle
6-64-క.,kandamu,nobos,14.13271,14.40952,-0.27681,genuine
7-122.1-తే.,tetagiti,nobos,13.08225,13.93677,-0.85452,genuine
7-15-క.,kandamu,nobos,11.28224,12.84793,-1.56569,genuine
7-191-ఉ.,utpalamala,nobos,11.84013,11.87675,-0.03661,genuine
7-206-శా.,shardulavikriditamu,nobos,15.28839,13.80135,1.48704,shuffle
7-214.1-ఆ.,aataveladi,nobos,12.60486,13.76707,-1.16221,genuine
7-215-శా.,shardulavikriditamu,nobos,13.75587,14.02585,-0.26998,genuine
7-223-శా.,shardulavikriditamu,nobos,14.07315,14.25905,-0.1859,genuine
7-225-మత్త.,mattakokila,nobos,12.65577,11.81167,0.8441,shuffle
7-264-క.,kandamu,nobos,10.66686,11.3001,-0.63323,genuine
7-282-శా.,shardulavikriditamu,nobos,11.89032,11.75775,0.13257,shuffle
7-338-ఉ.,utpalamala,nobos,12.36225,14.17738,-1.81513,genuine
7-358-మత్త.,mattakokila,nobos,13.30586,12.07021,1.23565,shuffle
7-39.1-ఆ.,aataveladi,nobos,12.39022,11.90917,0.48105,shuffle
7-439-క.,kandamu,nobos,13.25722,13.74621,-0.48899,genuine
7-461-మ.,mattebhavikriditamu,nobos,13.23732,13.69043,-0.45312,genuine
7-55-మ.,mattebhavikriditamu,nobos,15.57388,12.86955,2.70433,shuffle
7-67-ఉ.,utpalamala,nobos,14.59611,14.45168,0.14443,shuffle
7-81-మత్త.,mattakokila,nobos,14.47609,13.9889,0.48719,shuffle
7-82-శా.,shardulavikriditamu,nobos,13.27604,13.79348,-0.51745,genuine
7-90-శా.,shardulavikriditamu,nobos,13.98803,12.26179,1.72624,shuffle
8-117-మ.,mattebhavikriditamu,nobos,14.96255,14.53147,0.43108,shuffle
8-123-మ.,mattebhavikriditamu,nobos,13.71198,12.46683,1.24515,shuffle
8-168-మత్త.,mattakokila,nobos,15.68578,14.27282,1.41296,shuffle
8-183.1-తే.,tetagiti,nobos,14.67236,14.30112,0.37124,shuffle
8-19-క.,kandamu,nobos,13.73345,14.0172,-0.28375,genuine
8-27-ఆ.,aataveladi,nobos,12.67772,12.97527,-0.29755,genuine
8-596-మత్త.,mattakokila,nobos,13.16853,12.12151,1.04701,shuffle
8-622-శా.,shardulavikriditamu,nobos,13.09463,12.13859,0.95604,shuffle
8-67-ఉ.,utpalamala,nobos,13.58648,13.63333,-0.04685,genuine
8-696-మత్త.,mattakokila,nobos,13.994,14.39326,-0.39926,genuine
8-725-ఉ.,utpalamala,nobos,10.82874,12.65634,-1.82759,genuine
8-733-మ.,mattebhavikriditamu,nobos,13.81256,13.05445,0.75811,shuffle
9-108-శా.,shardulavikriditamu,nobos,13.51629,13.91627,-0.39998,genuine
9-143-మత్త.,mattakokila,nobos,12.26917,13.50633,-1.23716,genuine
9-146-శా.,shardulavikriditamu,nobos,13.73109,13.37718,0.35391,shuffle
9-208-చ.,champakamala,nobos,12.88269,12.58481,0.29788,shuffle
9-304-క.,kandamu,nobos,14.25317,14.14152,0.11165,shuffle
9-306.1-ఆ.,aataveladi,nobos,12.76565,13.6254,-0.85975,genuine
9-319.1-ఆ.,aataveladi,nobos,11.06565,12.79886,-1.73321,genuine
9-351-మత్త.,mattakokila,nobos,13.78378,13.48552,0.29825,shuffle
9-365-తే.,tetagiti,nobos,10.99008,10.49881,0.49127,shuffle
9-532-మత్త.,mattakokila,nobos,14.94907,12.67449,2.27458,shuffle
9-560-శా.,shardulavikriditamu,nobos,12.46909,13.15244,-0.68335,genuine
9-595-క.,kandamu,nobos,12.96646,15.3857,-2.41923,genuine
9-604-క.,kandamu,nobos,11.67063,12.6802,-1.00957,genuine
9-704-మ.,mattebhavikriditamu,nobos,12.56923,12.55653,0.01271,shuffle
9-732-చ.,champakamala,nobos,13.76221,13.41348,0.34873,shuffle
